{"completed_traces_voting_answer": ["2,\\ 3,\\ \\dfrac{3 + i\\sqrt{3}}{2},\\ \\dfrac{3 - i\\sqrt{3}}{2}", {"a=2,\\ a=3,\\ a=\\dfrac{3+\\mathrm{i}\\sqrt{3}}{2},\\ a=\\dfrac{3-\\mathrm{i}\\sqrt{3}}{2}": 19.70865909090909, "a=2,\\ a=3,\\ a=\\dfrac{3+ i\\sqrt{3}}{2},\\ a=\\dfrac{3- i\\sqrt{3}}{2}": 38.36692857142857, "2,\\ 3,\\ \\dfrac{3 + i\\sqrt{3}}{2},\\ \\dfrac{3 - i\\sqrt{3}}{2}": 846.3407027027025, "a=2 \\quad ; \\quad a=3 \\quad ; \\quad a=\\dfrac{3+i\\sqrt{3}}{2} \\quad ; \\quad a=\\dfrac{3-i\\sqrt{3}}{2}": 19.78578846153846, "2,\\ 3,\\ \\dfrac{3\\ +\\ i\\sqrt{3}}{2},\\ \\dfrac{3\\ -\\ i\\sqrt{3}}{2}": 37.61712195121952, "a=2,\\ a=3,\\ a=\\dfrac{3+i\\sqrt{3}}{2},\\ a=\\dfrac{3-i\\sqrt{3}}{2}": 78.054225}], "truncated_traces_voting_answer": ["2,\\ 3,\\ \\dfrac{3 + i\\sqrt{3}}{2},\\ \\dfrac{3 - i\\sqrt{3}}{2}", {"2,\\ 3,\\ \\dfrac{3 + i\\sqrt{3}}{2},\\ \\dfrac{3 - i\\sqrt{3}}{2}": 1191.5486756756757, "2,\\ 3,\\ \\dfrac{3 + \\mathrm{i}\\sqrt{3}}{2},\\ \\dfrac{3 - \\mathrm{i}\\sqrt{3}}{2}": 912.5116585365856, "\\dfrac{3 - i\\sqrt{3}}{2}": 91.47093333333333, "a=2,\\ 3,\\ \\dfrac{3+i\\sqrt{3}}{2},\\ \\dfrac{3-i\\sqrt{3}}{2}": 13.22181081081081, "a = 2 + \\dfrac{ -1 \\pm \\mathrm{i}\\sqrt{3} }{2} \\quad \\text{or} \\quad a = 2 + \\dfrac{ 1 \\pm \\mathrm{i}\\sqrt{7} }{2}": 12.75608333333333, "2,\\ 3,\\ \\dfrac{3 + \\sqrt{3}\\mathrm{i}}{2},\\ \\dfrac{3 - \\sqrt{3}\\mathrm{i}}{2}": 43.90526829268293, "a^3 - 6a^2 + 12a - 6": 33.639833333333335, "\\dfrac{3 - \\mathrm{i}\\sqrt{3}}{2}": 46.184823529411766, "a=2,\\ a=3,\\ a=\\dfrac{3+\\mathrm{i}\\sqrt{3}}{2},\\ a=\\dfrac{3-\\mathrm{i}\\sqrt{3}}{2}": 14.241431818181816, "2,\\ 3,\\ \\dfrac{3 + \\sqrt{3}i}{2},\\ \\dfrac{3 - \\sqrt{3}i}{2}": 99.4204054054054, "2,\\ 3,\\ \\dfrac{3\\ +\\ i\\sqrt{3}}{2},\\ \\dfrac{3\\ -\\ i\\sqrt{3}}{2}": 60.015829268292684, "a^3 - 6a^2 + 11a - 6 = 0": 12.730095238095238, "a=2": 7.6035, "2,\\ 3,\\ 2+\\omega,\\ 2+\\omega^{2}": 13.188388888888888, "2": 8.8275, "2,\\ 3,\\ \\dfrac{3\\pm i\\sqrt{3}}{2}": 13.60368181818182, "2,\\ 3,\\ 2 + \\omega,\\ 2 + \\omega^{2}": 14.177699999999996, "2,\\ 3,\\ \\dfrac{3 + \\sqrt{3}\\,i}{2},\\ \\dfrac{3 - \\sqrt{3}\\,i}{2}": 28.199025641025642, "a=2,\\ a=3,\\ a=2+\\omega,\\ a=2+\\omega^{2}": 13.509565217391305, "2,\\ 3,\\ \\dfrac{3}{2} + \\dfrac{\\sqrt{3}}{2}i,\\ \\dfrac{3}{2} - \\dfrac{\\sqrt{3}}{2}i": 14.647061224489796, "a=2,\\ a=3,\\ a=\\dfrac{3\\pm\\mathrm{i}\\sqrt{3}}{2}": 13.738428571428571, "1,\\ 2,\\ 3": 27.946499999999997}], "combined_traces_voting_answer": ["2,\\ 3,\\ \\dfrac{3 + i\\sqrt{3}}{2},\\ \\dfrac{3 - i\\sqrt{3}}{2}", {"a=2,\\ a=3,\\ a=\\dfrac{3+\\mathrm{i}\\sqrt{3}}{2},\\ a=\\dfrac{3-\\mathrm{i}\\sqrt{3}}{2}": 33.9500909090909, "a=2,\\ a=3,\\ a=\\dfrac{3+ i\\sqrt{3}}{2},\\ a=\\dfrac{3- i\\sqrt{3}}{2}": 38.36692857142857, "2,\\ 3,\\ \\dfrac{3 + i\\sqrt{3}}{2},\\ \\dfrac{3 - i\\sqrt{3}}{2}": 2037.889378378378, "a=2 \\quad ; \\quad a=3 \\quad ; \\quad a=\\dfrac{3+i\\sqrt{3}}{2} \\quad ; \\quad a=\\dfrac{3-i\\sqrt{3}}{2}": 19.78578846153846, "2,\\ 3,\\ \\dfrac{3\\ +\\ i\\sqrt{3}}{2},\\ \\dfrac{3\\ -\\ i\\sqrt{3}}{2}": 97.6329512195122, "a=2,\\ a=3,\\ a=\\dfrac{3+i\\sqrt{3}}{2},\\ a=\\dfrac{3-i\\sqrt{3}}{2}": 78.054225, "2,\\ 3,\\ \\dfrac{3 + \\mathrm{i}\\sqrt{3}}{2},\\ \\dfrac{3 - \\mathrm{i}\\sqrt{3}}{2}": 912.5116585365856, "\\dfrac{3 - i\\sqrt{3}}{2}": 91.47093333333333, "a=2,\\ 3,\\ \\dfrac{3+i\\sqrt{3}}{2},\\ \\dfrac{3-i\\sqrt{3}}{2}": 13.22181081081081, "a = 2 + \\dfrac{ -1 \\pm \\mathrm{i}\\sqrt{3} }{2} \\quad \\text{or} \\quad a = 2 + \\dfrac{ 1 \\pm \\mathrm{i}\\sqrt{7} }{2}": 12.75608333333333, "2,\\ 3,\\ \\dfrac{3 + \\sqrt{3}\\mathrm{i}}{2},\\ \\dfrac{3 - \\sqrt{3}\\mathrm{i}}{2}": 43.90526829268293, "a^3 - 6a^2 + 12a - 6": 33.639833333333335, "\\dfrac{3 - \\mathrm{i}\\sqrt{3}}{2}": 46.184823529411766, "2,\\ 3,\\ \\dfrac{3 + \\sqrt{3}i}{2},\\ \\dfrac{3 - \\sqrt{3}i}{2}": 99.4204054054054, "a^3 - 6a^2 + 11a - 6 = 0": 12.730095238095238, "a=2": 7.6035, "2,\\ 3,\\ 2+\\omega,\\ 2+\\omega^{2}": 13.188388888888888, "2": 8.8275, "2,\\ 3,\\ \\dfrac{3\\pm i\\sqrt{3}}{2}": 13.60368181818182, "2,\\ 3,\\ 2 + \\omega,\\ 2 + \\omega^{2}": 14.177699999999996, "2,\\ 3,\\ \\dfrac{3 + \\sqrt{3}\\,i}{2},\\ \\dfrac{3 - \\sqrt{3}\\,i}{2}": 28.199025641025642, "a=2,\\ a=3,\\ a=2+\\omega,\\ a=2+\\omega^{2}": 13.509565217391305, "2,\\ 3,\\ \\dfrac{3}{2} + \\dfrac{\\sqrt{3}}{2}i,\\ \\dfrac{3}{2} - \\dfrac{\\sqrt{3}}{2}i": 14.647061224489796, "a=2,\\ a=3,\\ a=\\dfrac{3\\pm\\mathrm{i}\\sqrt{3}}{2}": 13.738428571428571, "1,\\ 2,\\ 3": 27.946499999999997}], "ground_truth": "2,3,\\frac{3+i\\sqrt{3}}{2},\\frac{3-i\\sqrt{3}}{2}"}