{"completed_traces_voting_answer": ["2,\\ 3,\\ \\dfrac{3 + i\\sqrt{3}}{2},\\ \\dfrac{3 - i\\sqrt{3}}{2}", {"a=2,\\ a=3,\\ a=\\dfrac{3+\\mathrm{i}\\sqrt{3}}{2},\\ a=\\dfrac{3-\\mathrm{i}\\sqrt{3}}{2}": 17.078, "a=2,\\ a=3,\\ a=\\dfrac{3+ i\\sqrt{3}}{2},\\ a=\\dfrac{3- i\\sqrt{3}}{2}": 34.501999999999995, "2,\\ 3,\\ \\dfrac{3 + i\\sqrt{3}}{2},\\ \\dfrac{3 - i\\sqrt{3}}{2}": 764.2670000000003, "a=2 \\quad ; \\quad a=3 \\quad ; \\quad a=\\dfrac{3+i\\sqrt{3}}{2} \\quad ; \\quad a=\\dfrac{3-i\\sqrt{3}}{2}": 17.7, "2,\\ 3,\\ \\dfrac{3\\ +\\ i\\sqrt{3}}{2},\\ \\dfrac{3\\ -\\ i\\sqrt{3}}{2}": 35.748000000000005, "a=2,\\ a=3,\\ a=\\dfrac{3+i\\sqrt{3}}{2},\\ a=\\dfrac{3-i\\sqrt{3}}{2}": 68.786}], "truncated_traces_voting_answer": ["2,\\ 3,\\ \\dfrac{3 + i\\sqrt{3}}{2},\\ \\dfrac{3 - i\\sqrt{3}}{2}", {"2,\\ 3,\\ \\dfrac{3 + i\\sqrt{3}}{2},\\ \\dfrac{3 - i\\sqrt{3}}{2}": 1187.7493157894737, "2,\\ 3,\\ \\dfrac{3 + \\mathrm{i}\\sqrt{3}}{2},\\ \\dfrac{3 - \\mathrm{i}\\sqrt{3}}{2}": 909.8122380952382, "\\dfrac{3 - i\\sqrt{3}}{2}": 90.16942857142855, "a=2,\\ 3,\\ \\dfrac{3+i\\sqrt{3}}{2},\\ \\dfrac{3-i\\sqrt{3}}{2}": 13.185473684210526, "a = 2 + \\dfrac{ -1 \\pm \\mathrm{i}\\sqrt{3} }{2} \\quad \\text{or} \\quad a = 2 + \\dfrac{ 1 \\pm \\mathrm{i}\\sqrt{7} }{2}": 12.705622950819675, "2,\\ 3,\\ \\dfrac{3 + \\sqrt{3}\\mathrm{i}}{2},\\ \\dfrac{3 - \\sqrt{3}\\mathrm{i}}{2}": 43.74619047619048, "a^3 - 6a^2 + 12a - 6": 32.7393, "\\dfrac{3 - \\mathrm{i}\\sqrt{3}}{2}": 44.85977358490567, "a=2,\\ a=3,\\ a=\\dfrac{3+\\mathrm{i}\\sqrt{3}}{2},\\ a=\\dfrac{3-\\mathrm{i}\\sqrt{3}}{2}": 14.196133333333332, "2,\\ 3,\\ \\dfrac{3 + \\sqrt{3}i}{2},\\ \\dfrac{3 - \\sqrt{3}i}{2}": 99.21078947368422, "2,\\ 3,\\ \\dfrac{3\\ +\\ i\\sqrt{3}}{2},\\ \\dfrac{3\\ -\\ i\\sqrt{3}}{2}": 59.72038095238096, "a^3 - 6a^2 + 11a - 6 = 0": 12.485565217391303, "a=2": 7.209166666666666, "2,\\ 3,\\ 2+\\omega,\\ 2+\\omega^{2}": 12.887105263157894, "2": 8.127, "2,\\ 3,\\ \\dfrac{3\\pm i\\sqrt{3}}{2}": 13.541173913043481, "2,\\ 3,\\ 2 + \\omega,\\ 2 + \\omega^{2}": 13.895619047619045, "2,\\ 3,\\ \\dfrac{3 + \\sqrt{3}\\,i}{2},\\ \\dfrac{3 - \\sqrt{3}\\,i}{2}": 28.131, "a=2,\\ a=3,\\ a=2+\\omega,\\ a=2+\\omega^{2}": 13.274750000000004, "2,\\ 3,\\ \\dfrac{3}{2} + \\dfrac{\\sqrt{3}}{2}i,\\ \\dfrac{3}{2} - \\dfrac{\\sqrt{3}}{2}i": 14.50905882352941, "a=2,\\ a=3,\\ a=\\dfrac{3\\pm\\mathrm{i}\\sqrt{3}}{2}": 13.67903448275862, "1,\\ 2,\\ 3": 27.798299999999998}], "combined_traces_voting_answer": ["2,\\ 3,\\ \\dfrac{3 + i\\sqrt{3}}{2},\\ \\dfrac{3 - i\\sqrt{3}}{2}", {"a=2,\\ a=3,\\ a=\\dfrac{3+\\mathrm{i}\\sqrt{3}}{2},\\ a=\\dfrac{3-\\mathrm{i}\\sqrt{3}}{2}": 31.27413333333333, "a=2,\\ a=3,\\ a=\\dfrac{3+ i\\sqrt{3}}{2},\\ a=\\dfrac{3- i\\sqrt{3}}{2}": 34.501999999999995, "2,\\ 3,\\ \\dfrac{3 + i\\sqrt{3}}{2},\\ \\dfrac{3 - i\\sqrt{3}}{2}": 1952.0163157894735, "a=2 \\quad ; \\quad a=3 \\quad ; \\quad a=\\dfrac{3+i\\sqrt{3}}{2} \\quad ; \\quad a=\\dfrac{3-i\\sqrt{3}}{2}": 17.7, "2,\\ 3,\\ \\dfrac{3\\ +\\ i\\sqrt{3}}{2},\\ \\dfrac{3\\ -\\ i\\sqrt{3}}{2}": 95.46838095238097, "a=2,\\ a=3,\\ a=\\dfrac{3+i\\sqrt{3}}{2},\\ a=\\dfrac{3-i\\sqrt{3}}{2}": 68.786, "2,\\ 3,\\ \\dfrac{3 + \\mathrm{i}\\sqrt{3}}{2},\\ \\dfrac{3 - \\mathrm{i}\\sqrt{3}}{2}": 909.8122380952382, "\\dfrac{3 - i\\sqrt{3}}{2}": 90.16942857142855, "a=2,\\ 3,\\ \\dfrac{3+i\\sqrt{3}}{2},\\ \\dfrac{3-i\\sqrt{3}}{2}": 13.185473684210526, "a = 2 + \\dfrac{ -1 \\pm \\mathrm{i}\\sqrt{3} }{2} \\quad \\text{or} \\quad a = 2 + \\dfrac{ 1 \\pm \\mathrm{i}\\sqrt{7} }{2}": 12.705622950819675, "2,\\ 3,\\ \\dfrac{3 + \\sqrt{3}\\mathrm{i}}{2},\\ \\dfrac{3 - \\sqrt{3}\\mathrm{i}}{2}": 43.74619047619048, "a^3 - 6a^2 + 12a - 6": 32.7393, "\\dfrac{3 - \\mathrm{i}\\sqrt{3}}{2}": 44.85977358490567, "2,\\ 3,\\ \\dfrac{3 + \\sqrt{3}i}{2},\\ \\dfrac{3 - \\sqrt{3}i}{2}": 99.21078947368422, "a^3 - 6a^2 + 11a - 6 = 0": 12.485565217391303, "a=2": 7.209166666666666, "2,\\ 3,\\ 2+\\omega,\\ 2+\\omega^{2}": 12.887105263157894, "2": 8.127, "2,\\ 3,\\ \\dfrac{3\\pm i\\sqrt{3}}{2}": 13.541173913043481, "2,\\ 3,\\ 2 + \\omega,\\ 2 + \\omega^{2}": 13.895619047619045, "2,\\ 3,\\ \\dfrac{3 + \\sqrt{3}\\,i}{2},\\ \\dfrac{3 - \\sqrt{3}\\,i}{2}": 28.131, "a=2,\\ a=3,\\ a=2+\\omega,\\ a=2+\\omega^{2}": 13.274750000000004, "2,\\ 3,\\ \\dfrac{3}{2} + \\dfrac{\\sqrt{3}}{2}i,\\ \\dfrac{3}{2} - \\dfrac{\\sqrt{3}}{2}i": 14.50905882352941, "a=2,\\ a=3,\\ a=\\dfrac{3\\pm\\mathrm{i}\\sqrt{3}}{2}": 13.67903448275862, "1,\\ 2,\\ 3": 27.798299999999998}], "ground_truth": "2,3,\\frac{3+i\\sqrt{3}}{2},\\frac{3-i\\sqrt{3}}{2}"}