{"min_conf": {"completed_traces": ["9", {"9\\sqrt{5}": 13.446, "3\\sqrt{15}": 14.047, "9": 40.265}], "truncated_traces": ["15", {"12": 22.6358, "15": 62.2792, "9": 52.26349999999999}], "combined_traces": ["9", {"9\\sqrt{5}": 13.446, "3\\sqrt{15}": 14.047, "9": 92.52850000000001, "12": 22.6358, "15": 62.2792}]}, "max_conf": {"completed_traces": ["9", {"9\\sqrt{5}": 26.984, "3\\sqrt{15}": 27.588, "9": 61.478}], "truncated_traces": ["15", {"12": 33.662000000000006, "15": 87.601, "9": 72.138}], "combined_traces": ["9", {"9\\sqrt{5}": 26.984, "3\\sqrt{15}": 27.588, "9": 133.616, "12": 33.662000000000006, "15": 87.601}]}, "avg_conf": {"completed_traces": ["9", {"9\\sqrt{5}": 23.38814285714286, "3\\sqrt{15}": 23.656, "9": 59.763999999999996}], "truncated_traces": ["15", {"12": 23.212000000000003, "15": 61.791, "9": 57.685}], "combined_traces": ["9", {"9\\sqrt{5}": 23.38814285714286, "3\\sqrt{15}": 23.656, "9": 117.449, "12": 23.212000000000003, "15": 61.791}]}, "ground_truth": "\\frac{9\\sqrt{30}}{4}"}