{"completed_traces_voting_answer": ["9", {"9\\sqrt{7}": 24.78185714285714, "9": 57.028, "6": 20.7205, "9\\sqrt{5}": 25.288714285714285, "9\\sqrt{3}": 23.93614285714286, "19": 21.223333333333333}], "truncated_traces_voting_answer": ["15", {"9": 718.5060000000002, "15": 1196.6799999999998, "14": 10.113666666666667, "12": 288.989, "6": 289.8485, "24": 64.59233333333333, "18": 195.82033333333334, "10.5": 12.1602, "9\\sqrt{3}": 16.51928571428571, "6\\sqrt{10}": 13.80425, "7": 14.018, "21": 11.063}], "combined_traces_voting_answer": ["15", {"9\\sqrt{7}": 24.78185714285714, "9": 775.5340000000002, "6": 310.569, "9\\sqrt{5}": 25.288714285714285, "9\\sqrt{3}": 40.45542857142857, "19": 21.223333333333333, "15": 1196.6799999999998, "14": 10.113666666666667, "12": 288.989, "24": 64.59233333333333, "18": 195.82033333333334, "10.5": 12.1602, "6\\sqrt{10}": 13.80425, "7": 14.018, "21": 11.063}], "ground_truth": "\\frac{9\\sqrt{30}}{4}"}