{"min_conf": {"completed_traces": ["9", {"9\\sqrt{7}": 13.875, "9": 41.594, "6": 13.774, "9\\sqrt{5}": 13.924, "9\\sqrt{3}": 14.235, "19": 14.145}], "truncated_traces": ["15", {"9": 660.1112500000002, "15": 1214.0123999999998, "14": 10.2646, "12": 285.8056, "6": 256.71424999999994, "24": 65.5856, "18": 200.4638, "10.5": 12.605714285714287, "9\\sqrt{3}": 16.06075, "6\\sqrt{10}": 13.481222222222224, "7": 12.97575, "21": 11.3162}], "combined_traces": ["15", {"9\\sqrt{7}": 13.875, "9": 701.7052500000001, "6": 270.48824999999994, "9\\sqrt{5}": 13.924, "9\\sqrt{3}": 30.295749999999998, "19": 14.145, "15": 1214.0123999999998, "14": 10.2646, "12": 285.8056, "24": 65.5856, "18": 200.4638, "10.5": 12.605714285714287, "6\\sqrt{10}": 13.481222222222224, "7": 12.97575, "21": 11.3162}]}, "max_conf": {"completed_traces": ["9", {"9\\sqrt{7}": 30.356, "9": 59.006, "6": 20.925, "9\\sqrt{5}": 31.069, "9\\sqrt{3}": 29.562, "19": 22.947}], "truncated_traces": ["15", {"9": 911.2130000000003, "15": 1720.2940000000006, "14": 14.232, "12": 411.635, "6": 357.56899999999996, "24": 95.976, "18": 281.477, "10.5": 16.638, "9\\sqrt{3}": 20.959, "6\\sqrt{10}": 17.2, "7": 17.163, "21": 16.394}], "combined_traces": ["15", {"9\\sqrt{7}": 30.356, "9": 970.2190000000004, "6": 378.4939999999999, "9\\sqrt{5}": 31.069, "9\\sqrt{3}": 50.521, "19": 22.947, "15": 1720.2940000000006, "14": 14.232, "12": 411.635, "24": 95.976, "18": 281.477, "10.5": 16.638, "6\\sqrt{10}": 17.2, "7": 17.163, "21": 16.394}]}, "avg_conf": {"completed_traces": ["9", {"9\\sqrt{7}": 24.78185714285714, "9": 57.028, "6": 20.7205, "9\\sqrt{5}": 25.288714285714285, "9\\sqrt{3}": 23.93614285714286, "19": 21.223333333333333}], "truncated_traces": ["15", {"9": 718.5060000000002, "15": 1196.6799999999998, "14": 10.113666666666667, "12": 288.989, "6": 289.8485, "24": 64.59233333333333, "18": 195.82033333333334, "10.5": 12.1602, "9\\sqrt{3}": 16.51928571428571, "6\\sqrt{10}": 13.80425, "7": 14.018, "21": 11.063}], "combined_traces": ["15", {"9\\sqrt{7}": 24.78185714285714, "9": 775.5340000000002, "6": 310.569, "9\\sqrt{5}": 25.288714285714285, "9\\sqrt{3}": 40.45542857142857, "19": 21.223333333333333, "15": 1196.6799999999998, "14": 10.113666666666667, "12": 288.989, "24": 64.59233333333333, "18": 195.82033333333334, "10.5": 12.1602, "6\\sqrt{10}": 13.80425, "7": 14.018, "21": 11.063}]}, "ground_truth": "\\frac{9\\sqrt{30}}{4}"}