{"completed_traces_voting_answer": ["9", {"9\\sqrt{7}": 30.356, "9": 59.006, "6": 20.925, "9\\sqrt{5}": 31.069, "9\\sqrt{3}": 29.562, "19": 22.947}], "truncated_traces_voting_answer": ["15", {"9": 911.2130000000003, "15": 1720.2940000000006, "14": 14.232, "12": 411.635, "6": 357.56899999999996, "24": 95.976, "18": 281.477, "10.5": 16.638, "9\\sqrt{3}": 20.959, "6\\sqrt{10}": 17.2, "7": 17.163, "21": 16.394}], "combined_traces_voting_answer": ["15", {"9\\sqrt{7}": 30.356, "9": 970.2190000000004, "6": 378.4939999999999, "9\\sqrt{5}": 31.069, "9\\sqrt{3}": 50.521, "19": 22.947, "15": 1720.2940000000006, "14": 14.232, "12": 411.635, "24": 95.976, "18": 281.477, "10.5": 16.638, "6\\sqrt{10}": 17.2, "7": 17.163, "21": 16.394}], "ground_truth": "\\frac{9\\sqrt{30}}{4}"}