{"completed_traces_voting_answer": ["9", {"9\\sqrt{7}": 13.875, "9": 41.594, "6": 13.774, "9\\sqrt{5}": 13.924, "9\\sqrt{3}": 14.235, "19": 14.145}], "truncated_traces_voting_answer": ["15", {"9": 660.1112500000002, "15": 1214.0123999999998, "14": 10.2646, "12": 285.8056, "6": 256.71424999999994, "24": 65.5856, "18": 200.4638, "10.5": 12.605714285714287, "9\\sqrt{3}": 16.06075, "6\\sqrt{10}": 13.481222222222224, "7": 12.97575, "21": 11.3162}], "combined_traces_voting_answer": ["15", {"9\\sqrt{7}": 13.875, "9": 701.7052500000001, "6": 270.48824999999994, "9\\sqrt{5}": 13.924, "9\\sqrt{3}": 30.295749999999998, "19": 14.145, "15": 1214.0123999999998, "14": 10.2646, "12": 285.8056, "24": 65.5856, "18": 200.4638, "10.5": 12.605714285714287, "6\\sqrt{10}": 13.481222222222224, "7": 12.97575, "21": 11.3162}], "ground_truth": "\\frac{9\\sqrt{30}}{4}"}