{"min_conf": {"completed_traces": ["\\dfrac{1}{9}", {"\\dfrac{1}{9}": 264.391}], "truncated_traces": ["\\dfrac{1}{9}", {"\\dfrac{1}{9}": 550.2793333333332, "\\dfrac{3}{34}": 34.8559, "\\dfrac{45\\dfrac{1}{3}}{408}": 11.651263157894737, "\\dfrac{3}{17}": 89.1556, "\\dfrac{1}{17}": 116.56480000000002, "\\dfrac{17}{102}": 37.8205, "1": 17.75625, "\\dfrac{45}{408} + \\dfrac{1}{3 \\times 408}": 11.685518518518519, "\\dfrac{1}{24}": 10.6303, "\\dfrac{46}{408}": 10.788666666666666, "\\dfrac{24}{17}": 21.130818181818185, "f(3) = \\dfrac{5 \\cdot 3^{2}}{24 \\times 17} + \\dfrac{1}{24 \\times 17 \\cdot 3} = \\dfrac{45}{408} + \\dfrac{1}{408} = \\dfrac{46}{408} = \\dfrac{23}{204}": 13.112606382978715, "3": 9.73575, "\\dfrac{1}{12}": 10.7592, "\\dfrac{2}{17}": 67.21600000000001, "\\dfrac{7}{68}": 11.5043, "\\dfrac{6}{17}": 11.350999999999999, "f(3) = \\dfrac{5}{408} \\left(5 \\cdot 3^{2} + \\dfrac{1}{3}\\right) = \\dfrac{5}{408} \\left(45 + \\dfrac{1}{3}\\right) = \\dfrac{5}{408} \\cdot \\dfrac{136}{3} = \\dfrac{5 \\cdot 136}{408 \\cdot 3} = \\dfrac{680}{1224} = \\dfrac{85}{153}": 13.242867647058825, "\\dfrac{1}{408}": 20.87918181818182, "\\dfrac{14}{17}": 10.139272727272727, "f(3) = \\dfrac{5}{24 \\times 17} \\times 3^{2} + \\dfrac{1}{24 \\times 17 \\times 3} = \\dfrac{45}{2040} + \\dfrac{1}{1224} = \\dfrac{45}{2040} + \\dfrac{1}{1224}": 12.150515463917527, "\\dfrac{5}{408}": 21.402909090909095, "\\dfrac{4}{17}": 22.461000000000002, "f(3) = \\dfrac{3}{17}": 10.915687499999999, "\\dfrac{1}{3}": 21.91133333333333, "\\dfrac{9}{64}": 14.819699999999997, "\\dfrac{3}{408}": 11.172272727272725, "f(3) = \\dfrac{17}{24} \\cdot \\dfrac{27}{5 \\cdot 27 + 1} = \\dfrac{17}{24} \\cdot \\dfrac{27}{135 + 1} = \\dfrac{17}{24} \\cdot \\dfrac{27}{136} = \\dfrac{17 \\cdot 27}{24 \\cdot 136} = \\dfrac{17 \\cdot 9}{8 \\cdot 136} = \\dfrac{153}{1088} = \\dfrac{153 \\div 17}{1088 \\div 17} = \\dfrac{9}{64}": 13.858706214689263, "\\dfrac{2}{3}": 11.426888888888888, "\\dfrac{3}{2}": 10.823444444444442, "\\dfrac{41}{612}": 10.611500000000001, "\\dfrac{1}{24\\cdot17}\\left(5\\cdot9 + \\dfrac{1}{3}\\right)": 11.604032258064514, "\\dfrac{9}{17}": 34.255700000000004, "\\dfrac{7}{17}": 10.8845, "\\dfrac{1}{102}": 21.265, "f(3) = \\dfrac{5}{204} + \\dfrac{1}{408}": 11.074142857142855, "f(3) = \\dfrac{5 \\cdot 9 + \\dfrac{1}{3}}{408} = \\dfrac{45 + \\frac{1}{3}}{408} = \\dfrac{\\frac{136}{3}}{408} = \\frac{136}{3 \\cdot 408} = \\frac{136}{1224} = \\frac{17}{153}": 13.448351851851852, "f(3) = \\dfrac{5 \\cdot 3^{2} + \\dfrac{1}{3}}{408} = \\dfrac{45 + \\frac{1}{3}}{408} = \\dfrac{\\frac{135}{3} + \\frac{1}{3}}{408} = \\dfrac{\\frac{136}{3}}{408} = \\frac{136}{3 \\times 408} = \\frac{136}{1224} = \\frac{17}{153}": 14.601175182481754, "\\dfrac{17}{153}": 14.99075537634407, "\\dfrac{17}{510}": 11.513499999999999, "\\dfrac{5}{68}": 11.1775, "\\dfrac{2}{9}": 10.887222222222222, "f(3) = \\dfrac{1}{12}": 10.2261875, "f(3) = \\dfrac{1}{408} \\left(5 \\cdot 9 + \\dfrac{1}{3}\\right) = \\dfrac{1}{408} \\left(45 + \\dfrac{1}{3}\\right) = \\dfrac{1}{408} \\cdot \\dfrac{136}{3} = \\dfrac{136}{1224} = \\dfrac{17}{153}": 13.55175, "\\dfrac{8}{17}": 11.3371}], "combined_traces": ["\\dfrac{1}{9}", {"\\dfrac{1}{9}": 814.6703333333332, "\\dfrac{3}{34}": 34.8559, "\\dfrac{45\\dfrac{1}{3}}{408}": 11.651263157894737, "\\dfrac{3}{17}": 89.1556, "\\dfrac{1}{17}": 116.56480000000002, "\\dfrac{17}{102}": 37.8205, "1": 17.75625, "\\dfrac{45}{408} + \\dfrac{1}{3 \\times 408}": 11.685518518518519, "\\dfrac{1}{24}": 10.6303, "\\dfrac{46}{408}": 10.788666666666666, "\\dfrac{24}{17}": 21.130818181818185, "f(3) = \\dfrac{5 \\cdot 3^{2}}{24 \\times 17} + \\dfrac{1}{24 \\times 17 \\cdot 3} = \\dfrac{45}{408} + \\dfrac{1}{408} = \\dfrac{46}{408} = \\dfrac{23}{204}": 13.112606382978715, "3": 9.73575, "\\dfrac{1}{12}": 10.7592, "\\dfrac{2}{17}": 67.21600000000001, "\\dfrac{7}{68}": 11.5043, "\\dfrac{6}{17}": 11.350999999999999, "f(3) = \\dfrac{5}{408} \\left(5 \\cdot 3^{2} + \\dfrac{1}{3}\\right) = \\dfrac{5}{408} \\left(45 + \\dfrac{1}{3}\\right) = \\dfrac{5}{408} \\cdot \\dfrac{136}{3} = \\dfrac{5 \\cdot 136}{408 \\cdot 3} = \\dfrac{680}{1224} = \\dfrac{85}{153}": 13.242867647058825, "\\dfrac{1}{408}": 20.87918181818182, "\\dfrac{14}{17}": 10.139272727272727, "f(3) = \\dfrac{5}{24 \\times 17} \\times 3^{2} + \\dfrac{1}{24 \\times 17 \\times 3} = \\dfrac{45}{2040} + \\dfrac{1}{1224} = \\dfrac{45}{2040} + \\dfrac{1}{1224}": 12.150515463917527, "\\dfrac{5}{408}": 21.402909090909095, "\\dfrac{4}{17}": 22.461000000000002, "f(3) = \\dfrac{3}{17}": 10.915687499999999, "\\dfrac{1}{3}": 21.91133333333333, "\\dfrac{9}{64}": 14.819699999999997, "\\dfrac{3}{408}": 11.172272727272725, "f(3) = \\dfrac{17}{24} \\cdot \\dfrac{27}{5 \\cdot 27 + 1} = \\dfrac{17}{24} \\cdot \\dfrac{27}{135 + 1} = \\dfrac{17}{24} \\cdot \\dfrac{27}{136} = \\dfrac{17 \\cdot 27}{24 \\cdot 136} = \\dfrac{17 \\cdot 9}{8 \\cdot 136} = \\dfrac{153}{1088} = \\dfrac{153 \\div 17}{1088 \\div 17} = \\dfrac{9}{64}": 13.858706214689263, "\\dfrac{2}{3}": 11.426888888888888, "\\dfrac{3}{2}": 10.823444444444442, "\\dfrac{41}{612}": 10.611500000000001, "\\dfrac{1}{24\\cdot17}\\left(5\\cdot9 + \\dfrac{1}{3}\\right)": 11.604032258064514, "\\dfrac{9}{17}": 34.255700000000004, "\\dfrac{7}{17}": 10.8845, "\\dfrac{1}{102}": 21.265, "f(3) = \\dfrac{5}{204} + \\dfrac{1}{408}": 11.074142857142855, "f(3) = \\dfrac{5 \\cdot 9 + \\dfrac{1}{3}}{408} = \\dfrac{45 + \\frac{1}{3}}{408} = \\dfrac{\\frac{136}{3}}{408} = \\frac{136}{3 \\cdot 408} = \\frac{136}{1224} = \\frac{17}{153}": 13.448351851851852, "f(3) = \\dfrac{5 \\cdot 3^{2} + \\dfrac{1}{3}}{408} = \\dfrac{45 + \\frac{1}{3}}{408} = \\dfrac{\\frac{135}{3} + \\frac{1}{3}}{408} = \\dfrac{\\frac{136}{3}}{408} = \\frac{136}{3 \\times 408} = \\frac{136}{1224} = \\frac{17}{153}": 14.601175182481754, "\\dfrac{17}{153}": 14.99075537634407, "\\dfrac{17}{510}": 11.513499999999999, "\\dfrac{5}{68}": 11.1775, "\\dfrac{2}{9}": 10.887222222222222, "f(3) = \\dfrac{1}{12}": 10.2261875, "f(3) = \\dfrac{1}{408} \\left(5 \\cdot 9 + \\dfrac{1}{3}\\right) = \\dfrac{1}{408} \\left(45 + \\dfrac{1}{3}\\right) = \\dfrac{1}{408} \\cdot \\dfrac{136}{3} = \\dfrac{136}{1224} = \\dfrac{17}{153}": 13.55175, "\\dfrac{8}{17}": 11.3371}]}, "max_conf": {"completed_traces": ["\\dfrac{1}{9}", {"\\dfrac{1}{9}": 374.77600000000007}], "truncated_traces": ["\\dfrac{1}{9}", {"\\dfrac{1}{9}": 794.4269999999999, "\\dfrac{3}{34}": 61.864999999999995, "\\dfrac{45\\dfrac{1}{3}}{408}": 20.969, "\\dfrac{3}{17}": 163.63400000000001, "\\dfrac{1}{17}": 224.65599999999998, "\\dfrac{17}{102}": 59.519, "1": 14.350999999999999, "\\dfrac{45}{408} + \\dfrac{1}{3 \\times 408}": 19.662, "\\dfrac{1}{24}": 20.122, "\\dfrac{46}{408}": 20.319, "\\dfrac{24}{17}": 40.328, "f(3) = \\dfrac{5 \\cdot 3^{2}}{24 \\times 17} + \\dfrac{1}{24 \\times 17 \\cdot 3} = \\dfrac{45}{408} + \\dfrac{1}{408} = \\dfrac{46}{408} = \\dfrac{23}{204}": 19.609, "3": 6.412, "\\dfrac{1}{12}": 20.806, "\\dfrac{2}{17}": 121.447, "\\dfrac{7}{68}": 20.338, "\\dfrac{6}{17}": 20.231, "f(3) = \\dfrac{5}{408} \\left(5 \\cdot 3^{2} + \\dfrac{1}{3}\\right) = \\dfrac{5}{408} \\left(45 + \\dfrac{1}{3}\\right) = \\dfrac{5}{408} \\cdot \\dfrac{136}{3} = \\dfrac{5 \\cdot 136}{408 \\cdot 3} = \\dfrac{680}{1224} = \\dfrac{85}{153}": 19.894, "\\dfrac{1}{408}": 41.178, "\\dfrac{14}{17}": 21.112, "f(3) = \\dfrac{5}{24 \\times 17} \\times 3^{2} + \\dfrac{1}{24 \\times 17 \\times 3} = \\dfrac{45}{2040} + \\dfrac{1}{1224} = \\dfrac{45}{2040} + \\dfrac{1}{1224}": 20.6, "\\dfrac{5}{408}": 39.712, "\\dfrac{4}{17}": 41.175, "f(3) = \\dfrac{3}{17}": 21.059, "\\dfrac{1}{3}": 40.794, "\\dfrac{9}{64}": 20.772, "\\dfrac{3}{408}": 19.928, "f(3) = \\dfrac{17}{24} \\cdot \\dfrac{27}{5 \\cdot 27 + 1} = \\dfrac{17}{24} \\cdot \\dfrac{27}{135 + 1} = \\dfrac{17}{24} \\cdot \\dfrac{27}{136} = \\dfrac{17 \\cdot 27}{24 \\cdot 136} = \\dfrac{17 \\cdot 9}{8 \\cdot 136} = \\dfrac{153}{1088} = \\dfrac{153 \\div 17}{1088 \\div 17} = \\dfrac{9}{64}": 20.697,