{"completed_traces_voting_answer": ["\\dfrac{1}{3}", {"\\dfrac{1}{3}": 600.1065000000001, "\\dfrac{1}{25}": 44.136222222222216, "\\dfrac{\\sqrt{5}-1}{2}": 14.002666666666668, "\\dfrac{1}{4}": 21.657375000000002}], "truncated_traces_voting_answer": ["\\dfrac{1}{2}", {"\\dfrac{2}{3}": 101.92312500000001, "\\dfrac{1}{3}": 229.25025, "\\dfrac{1}{2}": 1791.7333750000005, "\\dfrac{2\\left(3 + \\sqrt{37}\\right)}{21}": 12.674681818181817, "0": 181.89849999999998, "\\dfrac{1}{25}": 13.964666666666666, "\\dfrac{2}{5}": 13.282125, "1": 10.885000000000002, "\\dfrac{1}{4}": 13.4025, "0.2": 11.97125, "\\dfrac{4}{5}": 13.050375, "\\dfrac{1}{5}": 13.005875}], "combined_traces_voting_answer": ["\\dfrac{1}{2}", {"\\dfrac{1}{3}": 829.35675, "\\dfrac{1}{25}": 58.10088888888888, "\\dfrac{\\sqrt{5}-1}{2}": 14.002666666666668, "\\dfrac{1}{4}": 35.059875000000005, "\\dfrac{2}{3}": 101.92312500000001, "\\dfrac{1}{2}": 1791.7333750000005, "\\dfrac{2\\left(3 + \\sqrt{37}\\right)}{21}": 12.674681818181817, "0": 181.89849999999998, "\\dfrac{2}{5}": 13.282125, "1": 10.885000000000002, "0.2": 11.97125, "\\dfrac{4}{5}": 13.050375, "\\dfrac{1}{5}": 13.005875}], "ground_truth": "\\frac{1}{3}"}