{"completed_traces_voting_answer": ["\\dfrac{1}{3}", {"\\dfrac{1}{3}": 681.526, "\\dfrac{1}{25}": 51.647000000000006, "\\dfrac{\\sqrt{5}-1}{2}": 16.919, "\\dfrac{1}{4}": 23.297}], "truncated_traces_voting_answer": ["\\dfrac{1}{2}", {"\\dfrac{2}{3}": 159.62800000000001, "\\dfrac{1}{3}": 352.281, "\\dfrac{1}{2}": 2716.2160000000003, "\\dfrac{2\\left(3 + \\sqrt{37}\\right)}{21}": 18.956, "0": 195.514, "\\dfrac{1}{25}": 19.225, "\\dfrac{2}{5}": 19.681, "1": 11.8, "\\dfrac{1}{4}": 18.916, "0.2": 13.646, "\\dfrac{4}{5}": 20.503, "\\dfrac{1}{5}": 20.097}], "combined_traces_voting_answer": ["\\dfrac{1}{2}", {"\\dfrac{1}{3}": 1033.807, "\\dfrac{1}{25}": 70.87200000000001, "\\dfrac{\\sqrt{5}-1}{2}": 16.919, "\\dfrac{1}{4}": 42.213, "\\dfrac{2}{3}": 159.62800000000001, "\\dfrac{1}{2}": 2716.2160000000003, "\\dfrac{2\\left(3 + \\sqrt{37}\\right)}{21}": 18.956, "0": 195.514, "\\dfrac{2}{5}": 19.681, "1": 11.8, "0.2": 13.646, "\\dfrac{4}{5}": 20.503, "\\dfrac{1}{5}": 20.097}], "ground_truth": "\\frac{1}{3}"}