{"completed_traces_voting_answer": ["\\dfrac{1}{3}", {"\\dfrac{1}{3}": 365.64, "\\dfrac{1}{25}": 27.907, "\\dfrac{\\sqrt{5}-1}{2}": 13.83, "\\dfrac{1}{4}": 13.784}], "truncated_traces_voting_answer": ["\\dfrac{1}{2}", {"\\dfrac{2}{3}": 100.85366666666665, "\\dfrac{1}{3}": 225.21788888888892, "\\dfrac{1}{2}": 1761.8499999999995, "\\dfrac{2\\left(3 + \\sqrt{37}\\right)}{21}": 12.618913043478258, "0": 175.80200000000002, "\\dfrac{1}{25}": 13.7553, "\\dfrac{2}{5}": 12.978222222222222, "1": 10.631250000000001, "\\dfrac{1}{4}": 13.126222222222221, "0.2": 12.0585, "\\dfrac{4}{5}": 12.794555555555556, "\\dfrac{1}{5}": 12.781555555555554}], "combined_traces_voting_answer": ["\\dfrac{1}{2}", {"\\dfrac{1}{3}": 590.857888888889, "\\dfrac{1}{25}": 41.6623, "\\dfrac{\\sqrt{5}-1}{2}": 13.83, "\\dfrac{1}{4}": 26.910222222222224, "\\dfrac{2}{3}": 100.85366666666665, "\\dfrac{1}{2}": 1761.8499999999995, "\\dfrac{2\\left(3 + \\sqrt{37}\\right)}{21}": 12.618913043478258, "0": 175.80200000000002, "\\dfrac{2}{5}": 12.978222222222222, "1": 10.631250000000001, "0.2": 12.0585, "\\dfrac{4}{5}": 12.794555555555556, "\\dfrac{1}{5}": 12.781555555555554}], "ground_truth": "\\frac{1}{3}"}