{"min_conf": {"completed_traces": ["12", {"12": 229.84699999999998}], "truncated_traces": ["12", {"\\dfrac{\\pi}{6}": 33.425777777777775, "3": 85.09125, "6": 130.60725000000002, "2": 145.65025, "12": 1150.6251999999997, "\\dfrac{2\\pi}{3}": 12.135999999999997, "1": 25.81975}], "combined_traces": ["12", {"12": 1380.4722, "\\dfrac{\\pi}{6}": 33.425777777777775, "3": 85.09125, "6": 130.60725000000002, "2": 145.65025, "\\dfrac{2\\pi}{3}": 12.135999999999997, "1": 25.81975}]}, "max_conf": {"completed_traces": ["12", {"12": 254.44899999999998}], "truncated_traces": ["12", {"\\dfrac{\\pi}{6}": 55.471999999999994, "3": 79.02199999999999, "6": 93.614, "2": 112.68199999999999, "12": 1121.7070000000003, "\\dfrac{2\\pi}{3}": 17.588, "1": 21.171999999999997}], "combined_traces": ["12", {"12": 1376.156, "\\dfrac{\\pi}{6}": 55.471999999999994, "3": 79.02199999999999, "6": 93.614, "2": 112.68199999999999, "\\dfrac{2\\pi}{3}": 17.588, "1": 21.171999999999997}]}, "avg_conf": {"completed_traces": ["12", {"12": 242.148}], "truncated_traces": ["12", {"\\dfrac{\\pi}{6}": 35.572857142857146, "3": 79.02199999999999, "6": 93.614, "2": 112.68199999999999, "12": 1083.4434999999996, "\\dfrac{2\\pi}{3}": 12.770222222222223, "1": 21.171999999999997}], "combined_traces": ["12", {"12": 1325.5914999999993, "\\dfrac{\\pi}{6}": 35.572857142857146, "3": 79.02199999999999, "6": 93.614, "2": 112.68199999999999, "\\dfrac{2\\pi}{3}": 12.770222222222223, "1": 21.171999999999997}]}, "ground_truth": "12"}