{"completed_traces_voting_answer": ["\\dfrac{\\sqrt{13}}{2}", {"\\dfrac{\\sqrt{13}}{2}": 1772.5295, "\\dfrac{23\\sqrt{13}}{42}": 23.179125}], "truncated_traces_voting_answer": ["\\dfrac{7}{2}", {"\\dfrac{3\\sqrt{3}}{7}": 127.68315384615383, "\\dfrac{3}{2}": 119.7955, "\\dfrac{2\\sqrt{3}}{3}": 135.04615384615386, "\\dfrac{7\\sqrt{3}}{8}": 92.51692307692309, "\\dfrac{1}{2}": 75.19875, "\\dfrac{13}{4}": 10.713333333333333, "\\dfrac{2\\sqrt{6} + \\sqrt{2}}{2}": 11.174526315789473, "2": 71.39150000000001, "\\dfrac{21}{8}": 10.791333333333334, "\\dfrac{7}{8}": 77.46274999999999, "\\dfrac{7}{2}": 178.132875, "\\dfrac{\\sqrt{13}}{2}": 64.46566666666666, "\\dfrac{7}{6}": 32.803, "3": 97.858, "\\dfrac{2\\sqrt{21}}{7}": 56.46714285714286, "\\dfrac{13}{8}": 22.656555555555556, "\\dfrac{11}{8}": 10.87411111111111, "\\dfrac{\\sqrt{3}}{2}": 11.591636363636365, "\\dfrac{3}{7}": 10.787500000000001, "\\dfrac{3\\sqrt{3}}{2}": 115.2139230769231, "\\dfrac{7\\sqrt{3}}{12}": 46.821214285714284, "\\dfrac{1}{\\sqrt{7}}": 32.417818181818184, "\\dfrac{2\\sqrt{3} + 3}{3}": 10.4915, "\\dfrac{2}{3}": 10.536125, "\\dfrac{7}{4}": 103.722625, "\\dfrac{7\\sqrt{3}}{4}": 35.139923076923075, "\\dfrac{7}{3}": 10.849874999999999, "\\dfrac{2\\sqrt{21}}{3}": 11.594357142857145, "\\dfrac{2}{\\sqrt{3}}": 32.24181818181818, "\\dfrac{2 + \\sqrt{3}}{2}": 11.699928571428572, "\\dfrac{\\sqrt{6} + \\sqrt{2}}{2}": 12.65929411764706, "1": 17.4745, "\\dfrac{4\\sqrt{3}}{7}": 11.133153846153846, "\\dfrac{2\\sqrt{21} + 1}{3}": 10.458529411764705, "\\dfrac{1}{\\sqrt{3}}": 21.795454545454547, "\\dfrac{11}{7}": 9.933777777777777, "\\dfrac{1}{4}": 10.824375, "\\dfrac{3}{\\sqrt{7}}": 10.757636363636363, "\\dfrac{14}{\\sqrt{7}}": 10.199083333333332, "\\dfrac{2\\sqrt{3}}{7}": 21.194384615384614, "\\sqrt{13}": 10.462333333333333, "\\dfrac{3\\sqrt{3}}{4}": 11.568538461538463, "\\dfrac{49}{50}": 10.0345}], "combined_traces_voting_answer": ["\\dfrac{\\sqrt{13}}{2}", {"\\dfrac{\\sqrt{13}}{2}": 1836.9951666666666, "\\dfrac{23\\sqrt{13}}{42}": 23.179125, "\\dfrac{3\\sqrt{3}}{7}": 127.68315384615383, "\\dfrac{3}{2}": 119.7955, "\\dfrac{2\\sqrt{3}}{3}": 135.04615384615386, "\\dfrac{7\\sqrt{3}}{8}": 92.51692307692309, "\\dfrac{1}{2}": 75.19875, "\\dfrac{13}{4}": 10.713333333333333, "\\dfrac{2\\sqrt{6} + \\sqrt{2}}{2}": 11.174526315789473, "2": 71.39150000000001, "\\dfrac{21}{8}": 10.791333333333334, "\\dfrac{7}{8}": 77.46274999999999, "\\dfrac{7}{2}": 178.132875, "\\dfrac{7}{6}": 32.803, "3": 97.858, "\\dfrac{2\\sqrt{21}}{7}": 56.46714285714286, "\\dfrac{13}{8}": 22.656555555555556, "\\dfrac{11}{8}": 10.87411111111111, "\\dfrac{\\sqrt{3}}{2}": 11.591636363636365, "\\dfrac{3}{7}": 10.787500000000001, "\\dfrac{3\\sqrt{3}}{2}": 115.2139230769231, "\\dfrac{7\\sqrt{3}}{12}": 46.821214285714284, "\\dfrac{1}{\\sqrt{7}}": 32.417818181818184, "\\dfrac{2\\sqrt{3} + 3}{3}": 10.4915, "\\dfrac{2}{3}": 10.536125, "\\dfrac{7}{4}": 103.722625, "\\dfrac{7\\sqrt{3}}{4}": 35.139923076923075, "\\dfrac{7}{3}": 10.849874999999999, "\\dfrac{2\\sqrt{21}}{3}": 11.594357142857145, "\\dfrac{2}{\\sqrt{3}}": 32.24181818181818, "\\dfrac{2 + \\sqrt{3}}{2}": 11.699928571428572, "\\dfrac{\\sqrt{6} + \\sqrt{2}}{2}": 12.65929411764706, "1": 17.4745, "\\dfrac{4\\sqrt{3}}{7}": 11.133153846153846, "\\dfrac{2\\sqrt{21} + 1}{3}": 10.458529411764705, "\\dfrac{1}{\\sqrt{3}}": 21.795454545454547, "\\dfrac{11}{7}": 9.933777777777777, "\\dfrac{1}{4}": 10.824375, "\\dfrac{3}{\\sqrt{7}}": 10.757636363636363, "\\dfrac{14}{\\sqrt{7}}": 10.199083333333332, "\\dfrac{2\\sqrt{3}}{7}": 21.194384615384614, "\\sqrt{13}": 10.462333333333333, "\\dfrac{3\\sqrt{3}}{4}": 11.568538461538463, "\\dfrac{49}{50}": 10.0345}], "ground_truth": "\\frac{\\sqrt{13}}{2}"}