{"min_conf": {"completed_traces": ["\\dfrac{\\sqrt{13}}{2}", {"\\dfrac{\\sqrt{13}}{2}": 1191.5550000000007, "\\dfrac{23\\sqrt{13}}{42}": 16.008}], "truncated_traces": ["\\dfrac{7}{2}", {"\\dfrac{3\\sqrt{3}}{7}": 127.1725, "\\dfrac{3}{2}": 120.71422222222222, "\\dfrac{2\\sqrt{3}}{3}": 134.2047857142857, "\\dfrac{7\\sqrt{3}}{8}": 92.10407142857143, "\\dfrac{1}{2}": 75.8638888888889, "\\dfrac{13}{4}": 10.7909, "\\dfrac{2\\sqrt{6} + \\sqrt{2}}{2}": 11.0302, "2": 76.39325000000001, "\\dfrac{21}{8}": 10.745000000000001, "\\dfrac{7}{8}": 77.02322222222222, "\\dfrac{7}{2}": 176.52088888888886, "\\dfrac{\\sqrt{13}}{2}": 63.85153846153847, "\\dfrac{7}{6}": 32.52344444444444, "3": 103.777, "\\dfrac{2\\sqrt{21}}{7}": 56.3292, "\\dfrac{13}{8}": 22.614600000000003, "\\dfrac{11}{8}": 10.903200000000002, "\\dfrac{\\sqrt{3}}{2}": 11.443083333333332, "\\dfrac{3}{7}": 10.729666666666665, "\\dfrac{3\\sqrt{3}}{2}": 114.02278571428572, "\\dfrac{7\\sqrt{3}}{12}": 46.6498, "\\dfrac{1}{\\sqrt{7}}": 31.936416666666666, "\\dfrac{2\\sqrt{3} + 3}{3}": 10.429235294117646, "\\dfrac{2}{3}": 10.647555555555556, "\\dfrac{7}{4}": 103.46211111111111, "\\dfrac{7\\sqrt{3}}{4}": 34.86864285714285, "\\dfrac{7}{3}": 10.845333333333334, "\\dfrac{2\\sqrt{21}}{3}": 11.566066666666666, "\\dfrac{2}{\\sqrt{3}}": 31.843833333333333, "\\dfrac{2 + \\sqrt{3}}{2}": 11.586133333333333, "\\dfrac{\\sqrt{6} + \\sqrt{2}}{2}": 12.515277777777776, "1": 18.63525, "\\dfrac{4\\sqrt{3}}{7}": 11.068785714285713, "\\dfrac{2\\sqrt{21} + 1}{3}": 10.395833333333336, "\\dfrac{1}{\\sqrt{3}}": 21.53908333333333, "\\dfrac{11}{7}": 10.0962, "\\dfrac{1}{4}": 10.871111111111112, "\\dfrac{3}{\\sqrt{7}}": 10.568083333333334, "\\dfrac{14}{\\sqrt{7}}": 10.100846153846152, "\\dfrac{2\\sqrt{3}}{7}": 21.100428571428573, "\\sqrt{13}": 10.129857142857144, "\\dfrac{3\\sqrt{3}}{4}": 11.520500000000002, "\\dfrac{49}{50}": 10.166363636363636}], "combined_traces": ["\\dfrac{\\sqrt{13}}{2}", {"\\dfrac{\\sqrt{13}}{2}": 1255.4065384615392, "\\dfrac{23\\sqrt{13}}{42}": 16.008, "\\dfrac{3\\sqrt{3}}{7}": 127.1725, "\\dfrac{3}{2}": 120.71422222222222, "\\dfrac{2\\sqrt{3}}{3}": 134.2047857142857, "\\dfrac{7\\sqrt{3}}{8}": 92.10407142857143, "\\dfrac{1}{2}": 75.8638888888889, "\\dfrac{13}{4}": 10.7909, "\\dfrac{2\\sqrt{6} + \\sqrt{2}}{2}": 11.0302, "2": 76.39325000000001, "\\dfrac{21}{8}": 10.745000000000001, "\\dfrac{7}{8}": 77.02322222222222, "\\dfrac{7}{2}": 176.52088888888886, "\\dfrac{7}{6}": 32.52344444444444, "3": 103.777, "\\dfrac{2\\sqrt{21}}{7}": 56.3292, "\\dfrac{13}{8}": 22.614600000000003, "\\dfrac{11}{8}": 10.903200000000002, "\\dfrac{\\sqrt{3}}{2}": 11.443083333333332, "\\dfrac{3}{7}": 10.729666666666665, "\\dfrac{3\\sqrt{3}}{2}": 114.02278571428572, "\\dfrac{7\\sqrt{3}}{12}": 46.6498, "\\dfrac{1}{\\sqrt{7}}": 31.936416666666666, "\\dfrac{2\\sqrt{3} + 3}{3}": 10.429235294117646, "\\dfrac{2}{3}": 10.647555555555556, "\\dfrac{7}{4}": 103.46211111111111, "\\dfrac{7\\sqrt{3}}{4}": 34.86864285714285, "\\dfrac{7}{3}": 10.845333333333334, "\\dfrac{2\\sqrt{21}}{3}": 11.566066666666666, "\\dfrac{2}{\\sqrt{3}}": 31.843833333333333, "\\dfrac{2 + \\sqrt{3}}{2}": 11.586133333333333, "\\dfrac{\\sqrt{6} + \\sqrt{2}}{2}": 12.515277777777776, "1": 18.63525, "\\dfrac{4\\sqrt{3}}{7}": 11.068785714285713, "\\dfrac{2\\sqrt{21} + 1}{3}": 10.395833333333336, "\\dfrac{1}{\\sqrt{3}}": 21.53908333333333, "\\dfrac{11}{7}": 10.0962, "\\dfrac{1}{4}": 10.871111111111112, "\\dfrac{3}{\\sqrt{7}}": 10.568083333333334, "\\dfrac{14}{\\sqrt{7}}": 10.100846153846152, "\\dfrac{2\\sqrt{3}}{7}": 21.100428571428573, "\\sqrt{13}": 10.129857142857144, "\\dfrac{3\\sqrt{3}}{4}": 11.520500000000002, "\\dfrac{49}{50}": 10.166363636363636}]}, "max_conf": {"completed_traces": ["\\dfrac{\\sqrt{13}}{2}", {"\\dfrac{\\sqrt{13}}{2}": 2137.378, "\\dfrac{23\\sqrt{13}}{42}": 25.969}], "truncated_traces": ["\\dfrac{7}{2}", {"\\dfrac{3\\sqrt{3}}{7}": 203.60199999999998, "\\dfrac{3}{2}": 202.151, "\\dfrac{2\\sqrt{3}}{3}": 218.61999999999998, "\\dfrac{7\\sqrt{3}}{8}": 145.331, "\\dfrac{1}{2}": 129.447, "\\dfrac{13}{4}": 18.928, "\\dfrac{2\\sqrt{6} + \\sqrt{2}}{2}": 18.413, "2": 79.354, "\\dfrac{21}{8}": 18.706, "\\dfrac{7}{8}": 129.066, "\\dfrac{7}{2}": 296.885, "\\dfrac{\\sqrt{13}}{2}": 80.64, "\\dfrac{7}{6}": 55.711999999999996, "3": 108.426, "\\dfrac{2\\sqrt{21}}{7}": 89.791, "\\dfrac{13}{8}": 37.047, "\\dfrac{11}{8}": 18.284, "\\dfrac{\\sqrt{3}}{2}": 19.188, "\\dfrac{3}{7}": 17.628, "\\dfrac{3\\sqrt{3}}{2}": 179.879, "\\dfrac{7\\sqrt{3}}{12}": 72.78999999999999, "\\dfrac{1}{\\sqrt{7}}": 54.713, "\\dfrac{2\\sqrt{3} + 3}{3}": 16.703, "\\dfrac{2}{3}": 17.481, "\\dfrac{7}{4}": 166.8, "\\dfrac{7\\sqrt{3}}{4}": 52.847, "\\dfrac{7}{3}": 19.641, "\\dfrac{2\\sqrt{21}}{3}": 17.556, "\\dfrac{2}{\\sqrt{3}}": 54.35999999999999, "\\dfrac{2 + \\sqrt{3}}{2}": 18.306, "\\dfrac{\\sqrt{6} + \\sqrt{2}}{2}": 19.288, "1": 19.349, "\\dfrac{4\\sqrt{3}}{7}": 17.95, "\\dfrac{2\\sqrt{21} + 1}{3}": 18.659, "\\dfrac{1}{\\sqrt{3}}": 36.481, "\\dfrac{11}{7}": 17.703, "\\dfrac{1}{4}": 17.919, "\\dfrac{3}{\\sqrt{7}}": 18.812, "\\dfrac{14}{\\sqrt{7}}": 18.244, "\\dfrac{2\\sqrt{3}}{7}": 34.697, "\\sqrt{13}": 12.901, "\\dfrac{3\\sqrt{3}}{4}": 16.847, "\\dfrac{49}{50}": 18.453}], "combined_traces": ["\\dfrac{\\sqrt{13}}{2}", {"\\dfrac{\\sqrt{13}}{2}": 2218.0180000000005, "\\dfrac{23\\sqrt{13}}{42}": 25.969, "\\dfrac{3\\sqrt{3}}{7}": 203.60199999999998, "\\dfrac{3}{2}": 202.151, "\\dfrac{2\\sqrt{3}}{3}": 218.61999999999998, "\\dfrac{7\\sqrt{3}}{8}": 145.331, "\\dfrac{1}{2}": 129.447, "\\dfrac{13}{4}": 18.928, "\\dfrac{2\\sqrt{6} + \\sqrt{2}}{2}": 18.413, "2": 79.354, "\\dfrac{21}{8}": 18.706, "\\dfrac{7}{8}": 129.066, "\\dfrac{7}{2}": 296.885, "\\dfrac{7}{6}": 55.711999999999996, "3": 108.426, "\\dfrac{2\\sqrt{21}}{7}": 89.791, "\\dfrac{13}{8}": 37.047, "\\dfrac{11}{8}": 18.284, "\\dfrac{\\sqrt{3}}{2}": 19.188, "\\dfrac{3}{7}": 17.628, "\\dfrac{3\\sqrt{3}}{2}": 179.879, "\\dfrac{7\\sqrt{3}}{12}": 72.78999999999999, "\\dfrac{1}{\\sqrt{7}}": 54.713, "\\dfrac{2\\sqrt{3} + 3}{3}": 16.703, "\\dfrac{2}{3}": 17.481, "\\dfrac{7}{4}": 166.8, "\\dfrac{7\\sqrt{3}}{4}": 52.847, "\\dfrac{7}{3}": 19.641, "\\dfrac{2\\sqrt{21}}{3}": 17.556, "\\dfrac{2}{\\sqrt{3}}": 54.35999999999999, "\\dfrac{2 + \\sqrt{3}}{2}": 18.306, "\\dfrac{\\sqrt{6} + \\sqrt{2}}{2}": 19.288, "1": 19.349, "\\dfrac{4\\sqrt{3}}{7}": 17.95, "\\dfrac{2\\sqrt{21} + 1}{3}": 18.659, "\\dfrac{1}{\\sqrt{3}}": 36.481, "\\dfrac{11}{7}": 17.703, "\\dfrac{1}{4}": 17.919, "\\dfrac{3}{\\sqrt{7}}": 18.812, "\\dfrac{14}{\\sqrt{7}}": 18.244, "\\dfrac{2\\sqrt{3}}{7}": 34.697, "\\sqrt{13}": 12.901, "\\dfrac{3\\sqrt{3}}{4}": 16.847, "\\dfrac{49}{50}": 18.453}]}, "avg_conf": {"completed_traces": ["\\dfrac{\\sqrt{13}}{2}", {"\\dfrac{\\sqrt{13}}{2}": 1772.5295, "\\dfrac{23\\sqrt{13}}{42}": 23.179125}], "truncated_traces": ["\\dfrac{7}{2}", {"\\dfrac{3\\sqrt{3}}{7}": 127.68315384615383, "\\dfrac{3}{2}": 119.7955, "\\dfrac{2\\sqrt{3}}{3}": 135.04615384615386, "\\dfrac{7\\sqrt{3}}{8}": 92.51692307692309, "\\dfrac{1}{2}": 75.19875, "\\dfrac{13}{4}": 10.713333333333333, "\\dfrac{2\\sqrt{6} + \\sqrt{2}}{2}": 11.174526315789473, "2": 71.39150000000001, "\\dfrac{21}{8}": 10.791333333333334, "\\dfrac{7}{8}": 77.46274999999999, "\\dfrac{7}{2}": 178.132875, "\\dfrac{\\sqrt{13}}{2}": 64.46566666666666, "\\dfrac{7}{6}": 32.803, "3": 97.858, "\\dfrac{2\\sqrt{21}}{7}": 56.46714285714286, "\\dfrac{13}{8}": 22.656555555555556, "\\dfrac{11}{8}": 10.87411111111111, "\\dfrac{\\sqrt{3}}{2}": 11.591636363636365, "\\dfrac{3}{7}": 10.787500000000001, "\\dfrac{3\\sqrt{3}}{2}": 115.2139230769231, "\\dfrac{7\\sqrt{3}}{12}": 46.821214285714284, "\\dfrac{1}{\\sqrt{7}}": 32.417818181818184, "\\dfrac{2\\sqrt{3} + 3}{3}": 10.4915, "\\dfrac{2}{3}": 10.536125, "\\dfrac{7}{4}": 103.722625, "\\dfrac{7\\sqrt{3}}{4}": 35.139923076923075, "\\dfrac{7}{3}": 10.849874999999999, "\\dfrac{2\\sqrt{21}}{3}": 11.594357142857145, "\\dfrac{2}{\\sqrt{3}}": 32.24181818181818, "\\dfrac{2 + \\sqrt{3}}{2}": 11.699928571428572,