{"completed_traces_voting_answer": ["\\dfrac{\\sqrt{13}}{2}", {"\\dfrac{\\sqrt{13}}{2}": 2137.378, "\\dfrac{23\\sqrt{13}}{42}": 25.969}], "truncated_traces_voting_answer": ["\\dfrac{7}{2}", {"\\dfrac{3\\sqrt{3}}{7}": 203.60199999999998, "\\dfrac{3}{2}": 202.151, "\\dfrac{2\\sqrt{3}}{3}": 218.61999999999998, "\\dfrac{7\\sqrt{3}}{8}": 145.331, "\\dfrac{1}{2}": 129.447, "\\dfrac{13}{4}": 18.928, "\\dfrac{2\\sqrt{6} + \\sqrt{2}}{2}": 18.413, "2": 79.354, "\\dfrac{21}{8}": 18.706, "\\dfrac{7}{8}": 129.066, "\\dfrac{7}{2}": 296.885, "\\dfrac{\\sqrt{13}}{2}": 80.64, "\\dfrac{7}{6}": 55.711999999999996, "3": 108.426, "\\dfrac{2\\sqrt{21}}{7}": 89.791, "\\dfrac{13}{8}": 37.047, "\\dfrac{11}{8}": 18.284, "\\dfrac{\\sqrt{3}}{2}": 19.188, "\\dfrac{3}{7}": 17.628, "\\dfrac{3\\sqrt{3}}{2}": 179.879, "\\dfrac{7\\sqrt{3}}{12}": 72.78999999999999, "\\dfrac{1}{\\sqrt{7}}": 54.713, "\\dfrac{2\\sqrt{3} + 3}{3}": 16.703, "\\dfrac{2}{3}": 17.481, "\\dfrac{7}{4}": 166.8, "\\dfrac{7\\sqrt{3}}{4}": 52.847, "\\dfrac{7}{3}": 19.641, "\\dfrac{2\\sqrt{21}}{3}": 17.556, "\\dfrac{2}{\\sqrt{3}}": 54.35999999999999, "\\dfrac{2 + \\sqrt{3}}{2}": 18.306, "\\dfrac{\\sqrt{6} + \\sqrt{2}}{2}": 19.288, "1": 19.349, "\\dfrac{4\\sqrt{3}}{7}": 17.95, "\\dfrac{2\\sqrt{21} + 1}{3}": 18.659, "\\dfrac{1}{\\sqrt{3}}": 36.481, "\\dfrac{11}{7}": 17.703, "\\dfrac{1}{4}": 17.919, "\\dfrac{3}{\\sqrt{7}}": 18.812, "\\dfrac{14}{\\sqrt{7}}": 18.244, "\\dfrac{2\\sqrt{3}}{7}": 34.697, "\\sqrt{13}": 12.901, "\\dfrac{3\\sqrt{3}}{4}": 16.847, "\\dfrac{49}{50}": 18.453}], "combined_traces_voting_answer": ["\\dfrac{\\sqrt{13}}{2}", {"\\dfrac{\\sqrt{13}}{2}": 2218.0180000000005, "\\dfrac{23\\sqrt{13}}{42}": 25.969, "\\dfrac{3\\sqrt{3}}{7}": 203.60199999999998, "\\dfrac{3}{2}": 202.151, "\\dfrac{2\\sqrt{3}}{3}": 218.61999999999998, "\\dfrac{7\\sqrt{3}}{8}": 145.331, "\\dfrac{1}{2}": 129.447, "\\dfrac{13}{4}": 18.928, "\\dfrac{2\\sqrt{6} + \\sqrt{2}}{2}": 18.413, "2": 79.354, "\\dfrac{21}{8}": 18.706, "\\dfrac{7}{8}": 129.066, "\\dfrac{7}{2}": 296.885, "\\dfrac{7}{6}": 55.711999999999996, "3": 108.426, "\\dfrac{2\\sqrt{21}}{7}": 89.791, "\\dfrac{13}{8}": 37.047, "\\dfrac{11}{8}": 18.284, "\\dfrac{\\sqrt{3}}{2}": 19.188, "\\dfrac{3}{7}": 17.628, "\\dfrac{3\\sqrt{3}}{2}": 179.879, "\\dfrac{7\\sqrt{3}}{12}": 72.78999999999999, "\\dfrac{1}{\\sqrt{7}}": 54.713, "\\dfrac{2\\sqrt{3} + 3}{3}": 16.703, "\\dfrac{2}{3}": 17.481, "\\dfrac{7}{4}": 166.8, "\\dfrac{7\\sqrt{3}}{4}": 52.847, "\\dfrac{7}{3}": 19.641, "\\dfrac{2\\sqrt{21}}{3}": 17.556, "\\dfrac{2}{\\sqrt{3}}": 54.35999999999999, "\\dfrac{2 + \\sqrt{3}}{2}": 18.306, "\\dfrac{\\sqrt{6} + \\sqrt{2}}{2}": 19.288, "1": 19.349, "\\dfrac{4\\sqrt{3}}{7}": 17.95, "\\dfrac{2\\sqrt{21} + 1}{3}": 18.659, "\\dfrac{1}{\\sqrt{3}}": 36.481, "\\dfrac{11}{7}": 17.703, "\\dfrac{1}{4}": 17.919, "\\dfrac{3}{\\sqrt{7}}": 18.812, "\\dfrac{14}{\\sqrt{7}}": 18.244, "\\dfrac{2\\sqrt{3}}{7}": 34.697, "\\sqrt{13}": 12.901, "\\dfrac{3\\sqrt{3}}{4}": 16.847, "\\dfrac{49}{50}": 18.453}], "ground_truth": "\\frac{\\sqrt{13}}{2}"}