{"completed_traces_voting_answer": ["\\dfrac{\\sqrt{13}}{2}", {"\\dfrac{\\sqrt{13}}{2}": 1191.5550000000007, "\\dfrac{23\\sqrt{13}}{42}": 16.008}], "truncated_traces_voting_answer": ["\\dfrac{7}{2}", {"\\dfrac{3\\sqrt{3}}{7}": 127.1725, "\\dfrac{3}{2}": 120.71422222222222, "\\dfrac{2\\sqrt{3}}{3}": 134.2047857142857, "\\dfrac{7\\sqrt{3}}{8}": 92.10407142857143, "\\dfrac{1}{2}": 75.8638888888889, "\\dfrac{13}{4}": 10.7909, "\\dfrac{2\\sqrt{6} + \\sqrt{2}}{2}": 11.0302, "2": 76.39325000000001, "\\dfrac{21}{8}": 10.745000000000001, "\\dfrac{7}{8}": 77.02322222222222, "\\dfrac{7}{2}": 176.52088888888886, "\\dfrac{\\sqrt{13}}{2}": 63.85153846153847, "\\dfrac{7}{6}": 32.52344444444444, "3": 103.777, "\\dfrac{2\\sqrt{21}}{7}": 56.3292, "\\dfrac{13}{8}": 22.614600000000003, "\\dfrac{11}{8}": 10.903200000000002, "\\dfrac{\\sqrt{3}}{2}": 11.443083333333332, "\\dfrac{3}{7}": 10.729666666666665, "\\dfrac{3\\sqrt{3}}{2}": 114.02278571428572, "\\dfrac{7\\sqrt{3}}{12}": 46.6498, "\\dfrac{1}{\\sqrt{7}}": 31.936416666666666, "\\dfrac{2\\sqrt{3} + 3}{3}": 10.429235294117646, "\\dfrac{2}{3}": 10.647555555555556, "\\dfrac{7}{4}": 103.46211111111111, "\\dfrac{7\\sqrt{3}}{4}": 34.86864285714285, "\\dfrac{7}{3}": 10.845333333333334, "\\dfrac{2\\sqrt{21}}{3}": 11.566066666666666, "\\dfrac{2}{\\sqrt{3}}": 31.843833333333333, "\\dfrac{2 + \\sqrt{3}}{2}": 11.586133333333333, "\\dfrac{\\sqrt{6} + \\sqrt{2}}{2}": 12.515277777777776, "1": 18.63525, "\\dfrac{4\\sqrt{3}}{7}": 11.068785714285713, "\\dfrac{2\\sqrt{21} + 1}{3}": 10.395833333333336, "\\dfrac{1}{\\sqrt{3}}": 21.53908333333333, "\\dfrac{11}{7}": 10.0962, "\\dfrac{1}{4}": 10.871111111111112, "\\dfrac{3}{\\sqrt{7}}": 10.568083333333334, "\\dfrac{14}{\\sqrt{7}}": 10.100846153846152, "\\dfrac{2\\sqrt{3}}{7}": 21.100428571428573, "\\sqrt{13}": 10.129857142857144, "\\dfrac{3\\sqrt{3}}{4}": 11.520500000000002, "\\dfrac{49}{50}": 10.166363636363636}], "combined_traces_voting_answer": ["\\dfrac{\\sqrt{13}}{2}", {"\\dfrac{\\sqrt{13}}{2}": 1255.4065384615392, "\\dfrac{23\\sqrt{13}}{42}": 16.008, "\\dfrac{3\\sqrt{3}}{7}": 127.1725, "\\dfrac{3}{2}": 120.71422222222222, "\\dfrac{2\\sqrt{3}}{3}": 134.2047857142857, "\\dfrac{7\\sqrt{3}}{8}": 92.10407142857143, "\\dfrac{1}{2}": 75.8638888888889, "\\dfrac{13}{4}": 10.7909, "\\dfrac{2\\sqrt{6} + \\sqrt{2}}{2}": 11.0302, "2": 76.39325000000001, "\\dfrac{21}{8}": 10.745000000000001, "\\dfrac{7}{8}": 77.02322222222222, "\\dfrac{7}{2}": 176.52088888888886, "\\dfrac{7}{6}": 32.52344444444444, "3": 103.777, "\\dfrac{2\\sqrt{21}}{7}": 56.3292, "\\dfrac{13}{8}": 22.614600000000003, "\\dfrac{11}{8}": 10.903200000000002, "\\dfrac{\\sqrt{3}}{2}": 11.443083333333332, "\\dfrac{3}{7}": 10.729666666666665, "\\dfrac{3\\sqrt{3}}{2}": 114.02278571428572, "\\dfrac{7\\sqrt{3}}{12}": 46.6498, "\\dfrac{1}{\\sqrt{7}}": 31.936416666666666, "\\dfrac{2\\sqrt{3} + 3}{3}": 10.429235294117646, "\\dfrac{2}{3}": 10.647555555555556, "\\dfrac{7}{4}": 103.46211111111111, "\\dfrac{7\\sqrt{3}}{4}": 34.86864285714285, "\\dfrac{7}{3}": 10.845333333333334, "\\dfrac{2\\sqrt{21}}{3}": 11.566066666666666, "\\dfrac{2}{\\sqrt{3}}": 31.843833333333333, "\\dfrac{2 + \\sqrt{3}}{2}": 11.586133333333333, "\\dfrac{\\sqrt{6} + \\sqrt{2}}{2}": 12.515277777777776, "1": 18.63525, "\\dfrac{4\\sqrt{3}}{7}": 11.068785714285713, "\\dfrac{2\\sqrt{21} + 1}{3}": 10.395833333333336, "\\dfrac{1}{\\sqrt{3}}": 21.53908333333333, "\\dfrac{11}{7}": 10.0962, "\\dfrac{1}{4}": 10.871111111111112, "\\dfrac{3}{\\sqrt{7}}": 10.568083333333334, "\\dfrac{14}{\\sqrt{7}}": 10.100846153846152, "\\dfrac{2\\sqrt{3}}{7}": 21.100428571428573, "\\sqrt{13}": 10.129857142857144, "\\dfrac{3\\sqrt{3}}{4}": 11.520500000000002, "\\dfrac{49}{50}": 10.166363636363636}], "ground_truth": "\\frac{\\sqrt{13}}{2}"}