{"min_conf": {"completed_traces": ["\\dfrac{1}{9}", {"\\dfrac{1}{9}": 676.1559999999998}], "truncated_traces": ["\\dfrac{1}{9}", {"\\dfrac{1}{9}": 1504.3577777777782, "\\dfrac{-9+\\sqrt{113}}{18}": 12.570235294117648}], "combined_traces": ["\\dfrac{1}{9}", {"\\dfrac{1}{9}": 2180.5137777777777, "\\dfrac{-9+\\sqrt{113}}{18}": 12.570235294117648}]}, "max_conf": {"completed_traces": ["\\dfrac{1}{9}", {"\\dfrac{1}{9}": 892.6029999999997}], "truncated_traces": ["\\dfrac{1}{9}", {"\\dfrac{1}{9}": 1895.3190000000002, "\\dfrac{-9+\\sqrt{113}}{18}": 18.181}], "combined_traces": ["\\dfrac{1}{9}", {"\\dfrac{1}{9}": 2787.9219999999996, "\\dfrac{-9+\\sqrt{113}}{18}": 18.181}]}, "avg_conf": {"completed_traces": ["\\dfrac{1}{9}", {"\\dfrac{1}{9}": 772.7407142857145}], "truncated_traces": ["\\dfrac{1}{9}", {"\\dfrac{1}{9}": 1547.4764285714289, "\\dfrac{-9+\\sqrt{113}}{18}": 12.838999999999999}], "combined_traces": ["\\dfrac{1}{9}", {"\\dfrac{1}{9}": 2320.2171428571432, "\\dfrac{-9+\\sqrt{113}}{18}": 12.838999999999999}]}, "ground_truth": "\\frac{1}{9}"}