{"min_conf": {"completed_traces": ["12", {"12": 57.835}], "truncated_traces": ["12", {"12": 264.8989636363637, "21": 8.8618, "13": 8.460399999999998, "36": 8.981, "3": 9.07125}], "combined_traces": ["12", {"12": 322.7339636363636, "21": 8.8618, "13": 8.460399999999998, "36": 8.981, "3": 9.07125}]}, "max_conf": {"completed_traces": ["12", {"12": 106.94800000000001}], "truncated_traces": ["12", {"12": 237.76700000000002, "21": 7.315, "13": 6.749, "36": 6.705, "3": 6.751}], "combined_traces": ["12", {"12": 344.71500000000003, "21": 7.315, "13": 6.749, "36": 6.705, "3": 6.751}]}, "avg_conf": {"completed_traces": ["12", {"12": 104.36133333333333}], "truncated_traces": ["12", {"12": 232.82800000000003, "21": 6.495, "13": 6.5205, "36": 6.484, "3": 6.751}], "combined_traces": ["12", {"12": 337.1893333333333, "21": 6.495, "13": 6.5205, "36": 6.484, "3": 6.751}]}, "ground_truth": "12"}