{"min_conf": {"completed_traces": ["1+\\sqrt{3}", {"1+\\sqrt{3}": 331.585}], "truncated_traces": ["4", {"2": 380.62075, "4": 700.1259999999999, "1+\\sqrt{3}": 53.26825, "2\\sqrt{2}": 74.50787500000001, "1 + \\sqrt{3}": 27.86877777777778, "2+\\sqrt{2}": 13.319625, "2 + \\sqrt{2}": 12.133888888888887}], "combined_traces": ["4", {"1+\\sqrt{3}": 384.85324999999995, "2": 380.62075, "4": 700.1259999999999, "2\\sqrt{2}": 74.50787500000001, "1 + \\sqrt{3}": 27.86877777777778, "2+\\sqrt{2}": 13.319625, "2 + \\sqrt{2}": 12.133888888888887}]}, "max_conf": {"completed_traces": ["1+\\sqrt{3}", {"1+\\sqrt{3}": 415.979}], "truncated_traces": ["4", {"2": 349.69899999999996, "4": 603.8349999999999, "1+\\sqrt{3}": 77.37800000000001, "2\\sqrt{2}": 93.57, "1 + \\sqrt{3}": 39.956, "2+\\sqrt{2}": 18.106, "2 + \\sqrt{2}": 19.356}], "combined_traces": ["4", {"1+\\sqrt{3}": 493.35699999999997, "2": 349.69899999999996, "4": 603.8349999999999, "2\\sqrt{2}": 93.57, "1 + \\sqrt{3}": 39.956, "2+\\sqrt{2}": 18.106, "2 + \\sqrt{2}": 19.356}]}, "avg_conf": {"completed_traces": ["1+\\sqrt{3}", {"1+\\sqrt{3}": 368.25083333333333}], "truncated_traces": ["4", {"2": 349.69899999999996, "4": 603.8349999999999, "1+\\sqrt{3}": 54.38166666666666, "2\\sqrt{2}": 74.68233333333333, "1 + \\sqrt{3}": 28.421142857142858, "2+\\sqrt{2}": 13.350999999999999, "2 + \\sqrt{2}": 12.614999999999997}], "combined_traces": ["4", {"1+\\sqrt{3}": 422.6325, "2": 349.69899999999996, "4": 603.8349999999999, "2\\sqrt{2}": 74.68233333333333, "1 + \\sqrt{3}": 28.421142857142858, "2+\\sqrt{2}": 13.350999999999999, "2 + \\sqrt{2}": 12.614999999999997}]}, "ground_truth": "1+\\sqrt{3}"}