{"completed_traces_voting_answer": ["12", {"12": 1530.2973333333332}], "truncated_traces_voting_answer": ["12", {"12": 1945.0873333333332, "6": 241.85649999999998, "2": 178.61749999999995, "3": 105.346, "1": 29.44, "\\dfrac{1}{2}": 11.527125, "4": 9.1765}], "combined_traces_voting_answer": ["12", {"12": 3475.3846666666695, "6": 241.85649999999998, "2": 178.61749999999995, "3": 105.346, "1": 29.44, "\\dfrac{1}{2}": 11.527125, "4": 9.1765}], "ground_truth": "12"}