{"min_conf": {"completed_traces": ["12", {"12": 957.398}], "truncated_traces": ["12", {"12": 1955.0818, "6": 253.37275, "2": 177.83575000000002, "3": 106.014, "1": 26.51125, "\\dfrac{1}{2}": 11.118666666666668, "4": 10.458}], "combined_traces": ["12", {"12": 2912.4798, "6": 253.37275, "2": 177.83575000000002, "3": 106.014, "1": 26.51125, "\\dfrac{1}{2}": 11.118666666666668, "4": 10.458}]}, "max_conf": {"completed_traces": ["12", {"12": 1643.4980000000005}], "truncated_traces": ["12", {"12": 2118.1429999999996, "6": 278.88800000000003, "2": 214.721, "3": 118.184, "1": 36.751999999999995, "\\dfrac{1}{2}": 19.831, "4": 11.285}], "combined_traces": ["12", {"12": 3761.6410000000024, "6": 278.88800000000003, "2": 214.721, "3": 118.184, "1": 36.751999999999995, "\\dfrac{1}{2}": 19.831, "4": 11.285}]}, "avg_conf": {"completed_traces": ["12", {"12": 1530.2973333333332}], "truncated_traces": ["12", {"12": 1945.0873333333332, "6": 241.85649999999998, "2": 178.61749999999995, "3": 105.346, "1": 29.44, "\\dfrac{1}{2}": 11.527125, "4": 9.1765}], "combined_traces": ["12", {"12": 3475.3846666666695, "6": 241.85649999999998, "2": 178.61749999999995, "3": 105.346, "1": 29.44, "\\dfrac{1}{2}": 11.527125, "4": 9.1765}]}, "ground_truth": "12"}