{"completed_traces_voting_answer": ["12", {"12": 1643.4980000000005}], "truncated_traces_voting_answer": ["12", {"12": 2118.1429999999996, "6": 278.88800000000003, "2": 214.721, "3": 118.184, "1": 36.751999999999995, "\\dfrac{1}{2}": 19.831, "4": 11.285}], "combined_traces_voting_answer": ["12", {"12": 3761.6410000000024, "6": 278.88800000000003, "2": 214.721, "3": 118.184, "1": 36.751999999999995, "\\dfrac{1}{2}": 19.831, "4": 11.285}], "ground_truth": "12"}