{"completed_traces_voting_answer": ["12", {"12": 957.398}], "truncated_traces_voting_answer": ["12", {"12": 1955.0818, "6": 253.37275, "2": 177.83575000000002, "3": 106.014, "1": 26.51125, "\\dfrac{1}{2}": 11.118666666666668, "4": 10.458}], "combined_traces_voting_answer": ["12", {"12": 2912.4798, "6": 253.37275, "2": 177.83575000000002, "3": 106.014, "1": 26.51125, "\\dfrac{1}{2}": 11.118666666666668, "4": 10.458}], "ground_truth": "12"}