{"completed_traces_voting_answer": ["3+2\\sqrt{2}", {"3+2\\sqrt{2}": 481.7992222222222}], "truncated_traces_voting_answer": ["3+2\\sqrt{2}", {"6": 1066.1175, "3+2\\sqrt{2}": 1280.3112222222223, "4": 304.285, "2": 10.8695, "3 + \\dfrac{4}{\\sqrt{5}}": 14.501857142857144, "3": 60.091, "3 + 2\\sqrt{2}": 57.5761, "2\\sqrt{2}": 11.734285714285715}], "combined_traces_voting_answer": ["3+2\\sqrt{2}", {"3+2\\sqrt{2}": 1762.110444444445, "6": 1066.1175, "4": 304.285, "2": 10.8695, "3 + \\dfrac{4}{\\sqrt{5}}": 14.501857142857144, "3": 60.091, "3 + 2\\sqrt{2}": 57.5761, "2\\sqrt{2}": 11.734285714285715}], "ground_truth": "3+2\\sqrt{2}"}