{"min_conf": {"completed_traces": ["3+2\\sqrt{2}", {"3+2\\sqrt{2}": 386.474}], "truncated_traces": ["3+2\\sqrt{2}", {"6": 1027.3682500000002, "3+2\\sqrt{2}": 1269.0248999999994, "4": 288.86325, "2": 10.408, "3 + \\dfrac{4}{\\sqrt{5}}": 14.242066666666664, "3": 54.92725, "3 + 2\\sqrt{2}": 57.05909090909091, "2\\sqrt{2}": 11.39}], "combined_traces": ["3+2\\sqrt{2}", {"3+2\\sqrt{2}": 1655.4988999999991, "6": 1027.3682500000002, "4": 288.86325, "2": 10.408, "3 + \\dfrac{4}{\\sqrt{5}}": 14.242066666666664, "3": 54.92725, "3 + 2\\sqrt{2}": 57.05909090909091, "2\\sqrt{2}": 11.39}]}, "max_conf": {"completed_traces": ["3+2\\sqrt{2}", {"3+2\\sqrt{2}": 617.1840000000001}], "truncated_traces": ["3+2\\sqrt{2}", {"6": 1308.9310000000005, "3+2\\sqrt{2}": 1617.7279999999998, "4": 376.2199999999999, "2": 13.358, "3 + \\dfrac{4}{\\sqrt{5}}": 17.75, "3": 74.164, "3 + 2\\sqrt{2}": 70.28999999999999, "2\\sqrt{2}": 15.0}], "combined_traces": ["3+2\\sqrt{2}", {"3+2\\sqrt{2}": 2234.912000000001, "6": 1308.9310000000005, "4": 376.2199999999999, "2": 13.358, "3 + \\dfrac{4}{\\sqrt{5}}": 17.75, "3": 74.164, "3 + 2\\sqrt{2}": 70.28999999999999, "2\\sqrt{2}": 15.0}]}, "avg_conf": {"completed_traces": ["3+2\\sqrt{2}", {"3+2\\sqrt{2}": 481.7992222222222}], "truncated_traces": ["3+2\\sqrt{2}", {"6": 1066.1175, "3+2\\sqrt{2}": 1280.3112222222223, "4": 304.285, "2": 10.8695, "3 + \\dfrac{4}{\\sqrt{5}}": 14.501857142857144, "3": 60.091, "3 + 2\\sqrt{2}": 57.5761, "2\\sqrt{2}": 11.734285714285715}], "combined_traces": ["3+2\\sqrt{2}", {"3+2\\sqrt{2}": 1762.110444444445, "6": 1066.1175, "4": 304.285, "2": 10.8695, "3 + \\dfrac{4}{\\sqrt{5}}": 14.501857142857144, "3": 60.091, "3 + 2\\sqrt{2}": 57.5761, "2\\sqrt{2}": 11.734285714285715}]}, "ground_truth": "3+2\\sqrt{2}"}