{"completed_traces_voting_answer": ["3+2\\sqrt{2}", {"3+2\\sqrt{2}": 617.1840000000001}], "truncated_traces_voting_answer": ["3+2\\sqrt{2}", {"6": 1308.9310000000005, "3+2\\sqrt{2}": 1617.7279999999998, "4": 376.2199999999999, "2": 13.358, "3 + \\dfrac{4}{\\sqrt{5}}": 17.75, "3": 74.164, "3 + 2\\sqrt{2}": 70.28999999999999, "2\\sqrt{2}": 15.0}], "combined_traces_voting_answer": ["3+2\\sqrt{2}", {"3+2\\sqrt{2}": 2234.912000000001, "6": 1308.9310000000005, "4": 376.2199999999999, "2": 13.358, "3 + \\dfrac{4}{\\sqrt{5}}": 17.75, "3": 74.164, "3 + 2\\sqrt{2}": 70.28999999999999, "2\\sqrt{2}": 15.0}], "ground_truth": "3+2\\sqrt{2}"}