{"completed_traces_voting_answer": ["3+2\\sqrt{2}", {"3+2\\sqrt{2}": 386.474}], "truncated_traces_voting_answer": ["3+2\\sqrt{2}", {"6": 1027.3682500000002, "3+2\\sqrt{2}": 1269.0248999999994, "4": 288.86325, "2": 10.408, "3 + \\dfrac{4}{\\sqrt{5}}": 14.242066666666664, "3": 54.92725, "3 + 2\\sqrt{2}": 57.05909090909091, "2\\sqrt{2}": 11.39}], "combined_traces_voting_answer": ["3+2\\sqrt{2}", {"3+2\\sqrt{2}": 1655.4988999999991, "6": 1027.3682500000002, "4": 288.86325, "2": 10.408, "3 + \\dfrac{4}{\\sqrt{5}}": 14.242066666666664, "3": 54.92725, "3 + 2\\sqrt{2}": 57.05909090909091, "2\\sqrt{2}": 11.39}], "ground_truth": "3+2\\sqrt{2}"}