{"min_conf": {"completed_traces": ["2^{99}", {"2^{99}": 381.68800000000005}], "truncated_traces": ["2^{99}", {"2^{99}": 1544.1147142857146, "\\dfrac{1}{2^{99}}": 13.73625}], "combined_traces": ["2^{99}", {"2^{99}": 1925.8027142857152, "\\dfrac{1}{2^{99}}": 13.73625}]}, "max_conf": {"completed_traces": ["2^{99}", {"2^{99}": 442.0770000000001}], "truncated_traces": ["2^{99}", {"2^{99}": 1612.8959999999995, "\\dfrac{1}{2^{99}}": 17.15}], "combined_traces": ["2^{99}", {"2^{99}": 2054.9729999999995, "\\dfrac{1}{2^{99}}": 17.15}]}, "avg_conf": {"completed_traces": ["2^{99}", {"2^{99}": 411.6492}], "truncated_traces": ["2^{99}", {"2^{99}": 1483.9245999999996, "\\dfrac{1}{2^{99}}": 14.3203}], "combined_traces": ["2^{99}", {"2^{99}": 1895.5737999999994, "\\dfrac{1}{2^{99}}": 14.3203}]}, "ground_truth": "2^{99}"}