{"min_conf": {"completed_traces": ["5\\sqrt{2}", {"5\\sqrt{2}": 42.238}], "truncated_traces": ["12", {"12": 398.2176, "16": 97.8114, "18": 23.0334, "13": 19.7288, "8": 44.53725, "24": 31.9832, "15": 31.867200000000004, "5\\sqrt{2}": 27.97025}], "combined_traces": ["12", {"5\\sqrt{2}": 70.20824999999999, "12": 398.2176, "16": 97.8114, "18": 23.0334, "13": 19.7288, "8": 44.53725, "24": 31.9832, "15": 31.867200000000004}]}, "max_conf": {"completed_traces": ["5\\sqrt{2}", {"5\\sqrt{2}": 53.337}], "truncated_traces": ["12", {"12": 329.542, "16": 80.107, "18": 19.137, "13": 16.583, "8": 34.201, "24": 25.244999999999997, "15": 26.315, "5\\sqrt{2}": 39.238}], "combined_traces": ["12", {"5\\sqrt{2}": 92.575, "12": 329.542, "16": 80.107, "18": 19.137, "13": 16.583, "8": 34.201, "24": 25.244999999999997, "15": 26.315}]}, "avg_conf": {"completed_traces": ["5\\sqrt{2}", {"5\\sqrt{2}": 48.463}], "truncated_traces": ["12", {"12": 324.3075, "16": 78.85499999999999, "18": 18.747500000000002, "13": 16.2065, "8": 34.201, "24": 25.0995, "15": 26.012, "5\\sqrt{2}": 28.84283333333333}], "combined_traces": ["12", {"5\\sqrt{2}": 77.30583333333334, "12": 324.3075, "16": 78.85499999999999, "18": 18.747500000000002, "13": 16.2065, "8": 34.201, "24": 25.0995, "15": 26.012}]}, "ground_truth": "5\\sqrt{2}"}