{"completed_traces_voting_answer": ["\\dfrac{1 + \\sqrt{31}}{2}", {"\\dfrac{1+\\sqrt{31}}{2}": 61.53942857142857, "\\dfrac{1 + \\sqrt{31}}{2}": 559.5655333333334, "R = \\dfrac{1 + \\sqrt{31}}{2}": 19.385277777777777}], "truncated_traces_voting_answer": ["\\dfrac{1 + \\sqrt{31}}{2}", {"2": 534.3994999999999, "\\dfrac{1 + \\sqrt{31}}{2}": 651.2862, "\\dfrac{1+\\sqrt{31}}{2}": 313.9777857142857, "3": 611.1604999999998, "2\\sqrt{5}": 31.31842857142857, "R": 73.5235, "\\dfrac{15}{\\sqrt{31}-1}": 12.629066666666668, "2\\sqrt{5 + \\sqrt{31}}": 9.427384615384614, "\\dfrac{\\sqrt{31} + 1}{2}": 27.502266666666667, "\\dfrac{5}{2}": 27.160125, "2\\sqrt{2}": 10.569285714285716, "5": 9.472999999999999}], "combined_traces_voting_answer": ["\\dfrac{1 + \\sqrt{31}}{2}", {"\\dfrac{1+\\sqrt{31}}{2}": 375.51721428571426, "\\dfrac{1 + \\sqrt{31}}{2}": 1210.8517333333336, "R = \\dfrac{1 + \\sqrt{31}}{2}": 19.385277777777777, "2": 534.3994999999999, "3": 611.1604999999998, "2\\sqrt{5}": 31.31842857142857, "R": 73.5235, "\\dfrac{15}{\\sqrt{31}-1}": 12.629066666666668, "2\\sqrt{5 + \\sqrt{31}}": 9.427384615384614, "\\dfrac{\\sqrt{31} + 1}{2}": 27.502266666666667, "\\dfrac{5}{2}": 27.160125, "2\\sqrt{2}": 10.569285714285716, "5": 9.472999999999999}], "ground_truth": "\\frac{1+\\sqrt{31}}{2}"}