{"min_conf": {"completed_traces": ["\\dfrac{1 + \\sqrt{31}}{2}", {"\\dfrac{1+\\sqrt{31}}{2}": 50.772, "\\dfrac{1 + \\sqrt{31}}{2}": 449.76, "R = \\dfrac{1 + \\sqrt{31}}{2}": 17.12}], "truncated_traces": ["\\dfrac{1 + \\sqrt{31}}{2}", {"2": 558.3807499999998, "\\dfrac{1 + \\sqrt{31}}{2}": 648.8905625000001, "\\dfrac{1+\\sqrt{31}}{2}": 312.5457333333333, "3": 623.3362500000002, "2\\sqrt{5}": 31.144, "R": 73.357, "\\dfrac{15}{\\sqrt{31}-1}": 12.417687500000003, "2\\sqrt{5 + \\sqrt{31}}": 9.26192857142857, "\\dfrac{\\sqrt{31} + 1}{2}": 27.5294375, "\\dfrac{5}{2}": 26.643555555555558, "2\\sqrt{2}": 10.545125000000002, "5": 9.594249999999999}], "combined_traces": ["\\dfrac{1 + \\sqrt{31}}{2}", {"\\dfrac{1+\\sqrt{31}}{2}": 363.3177333333333, "\\dfrac{1 + \\sqrt{31}}{2}": 1098.6505625000002, "R = \\dfrac{1 + \\sqrt{31}}{2}": 17.12, "2": 558.3807499999998, "3": 623.3362500000002, "2\\sqrt{5}": 31.144, "R": 73.357, "\\dfrac{15}{\\sqrt{31}-1}": 12.417687500000003, "2\\sqrt{5 + \\sqrt{31}}": 9.26192857142857, "\\dfrac{\\sqrt{31} + 1}{2}": 27.5294375, "\\dfrac{5}{2}": 26.643555555555558, "2\\sqrt{2}": 10.545125000000002, "5": 9.594249999999999}]}, "max_conf": {"completed_traces": ["\\dfrac{1 + \\sqrt{31}}{2}", {"\\dfrac{1+\\sqrt{31}}{2}": 74.363, "\\dfrac{1 + \\sqrt{31}}{2}": 667.1989999999998, "R = \\dfrac{1 + \\sqrt{31}}{2}": 22.713}], "truncated_traces": ["\\dfrac{1 + \\sqrt{31}}{2}", {"2": 664.3049999999997, "\\dfrac{1 + \\sqrt{31}}{2}": 903.1260000000002, "\\dfrac{1+\\sqrt{31}}{2}": 442.2569999999999, "3": 769.2579999999999, "2\\sqrt{5}": 39.833, "R": 90.64100000000002, "\\dfrac{15}{\\sqrt{31}-1}": 18.297, "2\\sqrt{5 + \\sqrt{31}}": 12.696, "\\dfrac{\\sqrt{31} + 1}{2}": 41.413, "\\dfrac{5}{2}": 38.962, "2\\sqrt{2}": 12.832, "5": 12.399}], "combined_traces": ["\\dfrac{1 + \\sqrt{31}}{2}", {"\\dfrac{1+\\sqrt{31}}{2}": 516.6199999999999, "\\dfrac{1 + \\sqrt{31}}{2}": 1570.324999999999, "R = \\dfrac{1 + \\sqrt{31}}{2}": 22.713, "2": 664.3049999999997, "3": 769.2579999999999, "2\\sqrt{5}": 39.833, "R": 90.64100000000002, "\\dfrac{15}{\\sqrt{31}-1}": 18.297, "2\\sqrt{5 + \\sqrt{31}}": 12.696, "\\dfrac{\\sqrt{31} + 1}{2}": 41.413, "\\dfrac{5}{2}": 38.962, "2\\sqrt{2}": 12.832, "5": 12.399}]}, "avg_conf": {"completed_traces": ["\\dfrac{1 + \\sqrt{31}}{2}", {"\\dfrac{1+\\sqrt{31}}{2}": 61.53942857142857, "\\dfrac{1 + \\sqrt{31}}{2}": 559.5655333333334, "R = \\dfrac{1 + \\sqrt{31}}{2}": 19.385277777777777}], "truncated_traces": ["\\dfrac{1 + \\sqrt{31}}{2}", {"2": 534.3994999999999, "\\dfrac{1 + \\sqrt{31}}{2}": 651.2862, "\\dfrac{1+\\sqrt{31}}{2}": 313.9777857142857, "3": 611.1604999999998, "2\\sqrt{5}": 31.31842857142857, "R": 73.5235, "\\dfrac{15}{\\sqrt{31}-1}": 12.629066666666668, "2\\sqrt{5 + \\sqrt{31}}": 9.427384615384614, "\\dfrac{\\sqrt{31} + 1}{2}": 27.502266666666667, "\\dfrac{5}{2}": 27.160125, "2\\sqrt{2}": 10.569285714285716, "5": 9.472999999999999}], "combined_traces": ["\\dfrac{1 + \\sqrt{31}}{2}", {"\\dfrac{1+\\sqrt{31}}{2}": 375.51721428571426, "\\dfrac{1 + \\sqrt{31}}{2}": 1210.8517333333336, "R = \\dfrac{1 + \\sqrt{31}}{2}": 19.385277777777777, "2": 534.3994999999999, "3": 611.1604999999998, "2\\sqrt{5}": 31.31842857142857, "R": 73.5235, "\\dfrac{15}{\\sqrt{31}-1}": 12.629066666666668, "2\\sqrt{5 + \\sqrt{31}}": 9.427384615384614, "\\dfrac{\\sqrt{31} + 1}{2}": 27.502266666666667, "\\dfrac{5}{2}": 27.160125, "2\\sqrt{2}": 10.569285714285716, "5": 9.472999999999999}]}, "ground_truth": "\\frac{1+\\sqrt{31}}{2}"}