{"completed_traces_voting_answer": ["\\dfrac{1 + \\sqrt{31}}{2}", {"\\dfrac{1+\\sqrt{31}}{2}": 74.363, "\\dfrac{1 + \\sqrt{31}}{2}": 667.1989999999998, "R = \\dfrac{1 + \\sqrt{31}}{2}": 22.713}], "truncated_traces_voting_answer": ["\\dfrac{1 + \\sqrt{31}}{2}", {"2": 664.3049999999997, "\\dfrac{1 + \\sqrt{31}}{2}": 903.1260000000002, "\\dfrac{1+\\sqrt{31}}{2}": 442.2569999999999, "3": 769.2579999999999, "2\\sqrt{5}": 39.833, "R": 90.64100000000002, "\\dfrac{15}{\\sqrt{31}-1}": 18.297, "2\\sqrt{5 + \\sqrt{31}}": 12.696, "\\dfrac{\\sqrt{31} + 1}{2}": 41.413, "\\dfrac{5}{2}": 38.962, "2\\sqrt{2}": 12.832, "5": 12.399}], "combined_traces_voting_answer": ["\\dfrac{1 + \\sqrt{31}}{2}", {"\\dfrac{1+\\sqrt{31}}{2}": 516.6199999999999, "\\dfrac{1 + \\sqrt{31}}{2}": 1570.324999999999, "R = \\dfrac{1 + \\sqrt{31}}{2}": 22.713, "2": 664.3049999999997, "3": 769.2579999999999, "2\\sqrt{5}": 39.833, "R": 90.64100000000002, "\\dfrac{15}{\\sqrt{31}-1}": 18.297, "2\\sqrt{5 + \\sqrt{31}}": 12.696, "\\dfrac{\\sqrt{31} + 1}{2}": 41.413, "\\dfrac{5}{2}": 38.962, "2\\sqrt{2}": 12.832, "5": 12.399}], "ground_truth": "\\frac{1+\\sqrt{31}}{2}"}