{"completed_traces_voting_answer": ["\\dfrac{1 + \\sqrt{31}}{2}", {"\\dfrac{1+\\sqrt{31}}{2}": 50.772, "\\dfrac{1 + \\sqrt{31}}{2}": 449.76, "R = \\dfrac{1 + \\sqrt{31}}{2}": 17.12}], "truncated_traces_voting_answer": ["\\dfrac{1 + \\sqrt{31}}{2}", {"2": 558.3807499999998, "\\dfrac{1 + \\sqrt{31}}{2}": 648.8905625000001, "\\dfrac{1+\\sqrt{31}}{2}": 312.5457333333333, "3": 623.3362500000002, "2\\sqrt{5}": 31.144, "R": 73.357, "\\dfrac{15}{\\sqrt{31}-1}": 12.417687500000003, "2\\sqrt{5 + \\sqrt{31}}": 9.26192857142857, "\\dfrac{\\sqrt{31} + 1}{2}": 27.5294375, "\\dfrac{5}{2}": 26.643555555555558, "2\\sqrt{2}": 10.545125000000002, "5": 9.594249999999999}], "combined_traces_voting_answer": ["\\dfrac{1 + \\sqrt{31}}{2}", {"\\dfrac{1+\\sqrt{31}}{2}": 363.3177333333333, "\\dfrac{1 + \\sqrt{31}}{2}": 1098.6505625000002, "R = \\dfrac{1 + \\sqrt{31}}{2}": 17.12, "2": 558.3807499999998, "3": 623.3362500000002, "2\\sqrt{5}": 31.144, "R": 73.357, "\\dfrac{15}{\\sqrt{31}-1}": 12.417687500000003, "2\\sqrt{5 + \\sqrt{31}}": 9.26192857142857, "\\dfrac{\\sqrt{31} + 1}{2}": 27.5294375, "\\dfrac{5}{2}": 26.643555555555558, "2\\sqrt{2}": 10.545125000000002, "5": 9.594249999999999}], "ground_truth": "\\frac{1+\\sqrt{31}}{2}"}