{"completed_traces_voting_answer": ["12", {"12": 545.1243333333334}], "truncated_traces_voting_answer": ["12", {"12": 1967.4643333333331, "3": 113.02200000000002, "18": 32.422, "78": 23.836999999999996, "27": 8.357999999999999, "24": 32.965666666666664, "42": 8.141666666666667, "13": 23.953999999999997, "21": 8.584666666666665, "48": 41.83133333333333, "6": 9.3355, "\\dfrac{12}{\\gcd(4,2,1)}": 10.307375, "\\dfrac{12}{\\phi_0}": 10.528666666666664, "15": 8.086333333333334, "39": 7.915666666666667}], "combined_traces_voting_answer": ["12", {"12": 2512.5886666666634, "3": 113.02200000000002, "18": 32.422, "78": 23.836999999999996, "27": 8.357999999999999, "24": 32.965666666666664, "42": 8.141666666666667, "13": 23.953999999999997, "21": 8.584666666666665, "48": 41.83133333333333, "6": 9.3355, "\\dfrac{12}{\\gcd(4,2,1)}": 10.307375, "\\dfrac{12}{\\phi_0}": 10.528666666666664, "15": 8.086333333333334, "39": 7.915666666666667}], "ground_truth": "12"}