{"min_conf": {"completed_traces": ["12", {"12": 304.13500000000005}], "truncated_traces": ["12", {"12": 1980.2578000000012, "3": 109.22125, "18": 33.8266, "78": 25.7448, "27": 8.718, "24": 34.8974, "42": 8.4494, "13": 24.384600000000002, "21": 8.925999999999998, "48": 44.8744, "6": 8.82075, "\\dfrac{12}{\\gcd(4,2,1)}": 9.978117647058824, "\\dfrac{12}{\\phi_0}": 10.085846153846152, "15": 8.4172, "39": 8.488800000000001}], "combined_traces": ["12", {"12": 2284.3928000000005, "3": 109.22125, "18": 33.8266, "78": 25.7448, "27": 8.718, "24": 34.8974, "42": 8.4494, "13": 24.384600000000002, "21": 8.925999999999998, "48": 44.8744, "6": 8.82075, "\\dfrac{12}{\\gcd(4,2,1)}": 9.978117647058824, "\\dfrac{12}{\\phi_0}": 10.085846153846152, "15": 8.4172, "39": 8.488800000000001}]}, "max_conf": {"completed_traces": ["12", {"12": 558.9239999999999}], "truncated_traces": ["12", {"12": 2463.124, "3": 143.597, "18": 47.718, "78": 33.749, "27": 11.532, "24": 47.019000000000005, "42": 11.852, "13": 33.951, "21": 12.897, "48": 58.124, "6": 12.095, "\\dfrac{12}{\\gcd(4,2,1)}": 17.053, "\\dfrac{12}{\\phi_0}": 17.113, "15": 11.131, "39": 11.577}], "combined_traces": ["12", {"12": 3022.0479999999984, "3": 143.597, "18": 47.718, "78": 33.749, "27": 11.532, "24": 47.019000000000005, "42": 11.852, "13": 33.951, "21": 12.897, "48": 58.124, "6": 12.095, "\\dfrac{12}{\\gcd(4,2,1)}": 17.053, "\\dfrac{12}{\\phi_0}": 17.113, "15": 11.131, "39": 11.577}]}, "avg_conf": {"completed_traces": ["12", {"12": 545.1243333333334}], "truncated_traces": ["12", {"12": 1967.4643333333331, "3": 113.02200000000002, "18": 32.422, "78": 23.836999999999996, "27": 8.357999999999999, "24": 32.965666666666664, "42": 8.141666666666667, "13": 23.953999999999997, "21": 8.584666666666665, "48": 41.83133333333333, "6": 9.3355, "\\dfrac{12}{\\gcd(4,2,1)}": 10.307375, "\\dfrac{12}{\\phi_0}": 10.528666666666664, "15": 8.086333333333334, "39": 7.915666666666667}], "combined_traces": ["12", {"12": 2512.5886666666634, "3": 113.02200000000002, "18": 32.422, "78": 23.836999999999996, "27": 8.357999999999999, "24": 32.965666666666664, "42": 8.141666666666667, "13": 23.953999999999997, "21": 8.584666666666665, "48": 41.83133333333333, "6": 9.3355, "\\dfrac{12}{\\gcd(4,2,1)}": 10.307375, "\\dfrac{12}{\\phi_0}": 10.528666666666664, "15": 8.086333333333334, "39": 7.915666666666667}]}, "ground_truth": "12"}