{"completed_traces_voting_answer": ["12", {"12": 558.9239999999999}], "truncated_traces_voting_answer": ["12", {"12": 2463.124, "3": 143.597, "18": 47.718, "78": 33.749, "27": 11.532, "24": 47.019000000000005, "42": 11.852, "13": 33.951, "21": 12.897, "48": 58.124, "6": 12.095, "\\dfrac{12}{\\gcd(4,2,1)}": 17.053, "\\dfrac{12}{\\phi_0}": 17.113, "15": 11.131, "39": 11.577}], "combined_traces_voting_answer": ["12", {"12": 3022.0479999999984, "3": 143.597, "18": 47.718, "78": 33.749, "27": 11.532, "24": 47.019000000000005, "42": 11.852, "13": 33.951, "21": 12.897, "48": 58.124, "6": 12.095, "\\dfrac{12}{\\gcd(4,2,1)}": 17.053, "\\dfrac{12}{\\phi_0}": 17.113, "15": 11.131, "39": 11.577}], "ground_truth": "12"}