{"completed_traces_voting_answer": ["12", {"12": 304.13500000000005}], "truncated_traces_voting_answer": ["12", {"12": 1980.2578000000012, "3": 109.22125, "18": 33.8266, "78": 25.7448, "27": 8.718, "24": 34.8974, "42": 8.4494, "13": 24.384600000000002, "21": 8.925999999999998, "48": 44.8744, "6": 8.82075, "\\dfrac{12}{\\gcd(4,2,1)}": 9.978117647058824, "\\dfrac{12}{\\phi_0}": 10.085846153846152, "15": 8.4172, "39": 8.488800000000001}], "combined_traces_voting_answer": ["12", {"12": 2284.3928000000005, "3": 109.22125, "18": 33.8266, "78": 25.7448, "27": 8.718, "24": 34.8974, "42": 8.4494, "13": 24.384600000000002, "21": 8.925999999999998, "48": 44.8744, "6": 8.82075, "\\dfrac{12}{\\gcd(4,2,1)}": 9.978117647058824, "\\dfrac{12}{\\phi_0}": 10.085846153846152, "15": 8.4172, "39": 8.488800000000001}], "ground_truth": "12"}