{"min_conf": {"completed_traces": ["12", {"12": 128.42}], "truncated_traces": ["12", {"12": 519.6388, "6": 102.4025, "1": 35.884249999999994, "2": 68.41525000000001, "3": 38.5945}], "combined_traces": ["12", {"12": 648.0588, "6": 102.4025, "1": 35.884249999999994, "2": 68.41525000000001, "3": 38.5945}]}, "max_conf": {"completed_traces": ["12", {"12": 143.69299999999998}], "truncated_traces": ["12", {"12": 505.68500000000006, "6": 77.145, "1": 30.4, "2": 52.512, "3": 38.105000000000004}], "combined_traces": ["12", {"12": 649.378, "6": 77.145, "1": 30.4, "2": 52.512, "3": 38.105000000000004}]}, "avg_conf": {"completed_traces": ["12", {"12": 136.0565}], "truncated_traces": ["12", {"12": 488.03550000000007, "6": 77.145, "1": 30.4, "2": 52.512, "3": 38.105000000000004}], "combined_traces": ["12", {"12": 624.092, "6": 77.145, "1": 30.4, "2": 52.512, "3": 38.105000000000004}]}, "ground_truth": "12"}