{"min_conf": {"completed_traces": ["-\\dfrac{2431}{50}", {"-\\dfrac{2431}{50}": 16.344}], "truncated_traces": ["0", {"0": 132.02399999999997, "\\dfrac{1}{90^{2}}": 10.176083333333333, "\\dfrac{8}{9}": 11.123777777777779}], "combined_traces": ["0", {"-\\dfrac{2431}{50}": 16.344, "0": 132.02399999999997, "\\dfrac{1}{90^{2}}": 10.176083333333333, "\\dfrac{8}{9}": 11.123777777777779}]}, "max_conf": {"completed_traces": ["-\\dfrac{2431}{50}", {"-\\dfrac{2431}{50}": 25.331}], "truncated_traces": ["0", {"0": 132.25799999999998, "\\dfrac{1}{90^{2}}": 18.569, "\\dfrac{8}{9}": 20.4}], "combined_traces": ["0", {"-\\dfrac{2431}{50}": 25.331, "0": 132.25799999999998, "\\dfrac{1}{90^{2}}": 18.569, "\\dfrac{8}{9}": 20.4}]}, "avg_conf": {"completed_traces": ["-\\dfrac{2431}{50}", {"-\\dfrac{2431}{50}": 21.750692307692304}], "truncated_traces": ["0", {"0": 125.25300000000001, "\\dfrac{1}{90^{2}}": 10.372090909090907, "\\dfrac{8}{9}": 11.190375}], "combined_traces": ["0", {"-\\dfrac{2431}{50}": 21.750692307692304, "0": 125.25300000000001, "\\dfrac{1}{90^{2}}": 10.372090909090907, "\\dfrac{8}{9}": 11.190375}]}, "ground_truth": "-\\frac{2431}{50}"}