{"min_conf": {"completed_traces": ["-\\dfrac{2431}{50}", {"-\\dfrac{9724}{25}": 18.122, "-\\dfrac{2431}{50}": 423.45899999999995, "\\dfrac{2431}{50}": 19.806}], "truncated_traces": ["0", {"0": 891.6685000000001, "-\\dfrac{17017}{10}": 13.771333333333335, "-\\dfrac{409 \\times 11 \\times 13 \\times 17}{2^{17} \\times 3^{10} \\times 5^{4}}": 13.575177777777776, "-\\dfrac{2431}{50}": 15.4855, "\\dfrac{1}{90}": 29.0024}], "combined_traces": ["0", {"-\\dfrac{9724}{25}": 18.122, "-\\dfrac{2431}{50}": 438.94449999999995, "\\dfrac{2431}{50}": 19.806, "0": 891.6685000000001, "-\\dfrac{17017}{10}": 13.771333333333335, "-\\dfrac{409 \\times 11 \\times 13 \\times 17}{2^{17} \\times 3^{10} \\times 5^{4}}": 13.575177777777776, "\\dfrac{1}{90}": 29.0024}]}, "max_conf": {"completed_traces": ["-\\dfrac{2431}{50}", {"-\\dfrac{9724}{25}": 23.306, "-\\dfrac{2431}{50}": 561.615, "\\dfrac{2431}{50}": 25.116}], "truncated_traces": ["0", {"0": 782.5900000000001, "-\\dfrac{17017}{10}": 20.516, "-\\dfrac{409 \\times 11 \\times 13 \\times 17}{2^{17} \\times 3^{10} \\times 5^{4}}": 21.4, "-\\dfrac{2431}{50}": 21.866, "\\dfrac{1}{90}": 54.512}], "combined_traces": ["0", {"-\\dfrac{9724}{25}": 23.306, "-\\dfrac{2431}{50}": 583.481, "\\dfrac{2431}{50}": 25.116, "0": 782.5900000000001, "-\\dfrac{17017}{10}": 20.516, "-\\dfrac{409 \\times 11 \\times 13 \\times 17}{2^{17} \\times 3^{10} \\times 5^{4}}": 21.4, "\\dfrac{1}{90}": 54.512}]}, "avg_conf": {"completed_traces": ["-\\dfrac{2431}{50}", {"-\\dfrac{9724}{25}": 21.321083333333334, "-\\dfrac{2431}{50}": 486.1814166666667, "\\dfrac{2431}{50}": 22.414727272727273}], "truncated_traces": ["0", {"0": 782.5900000000001, "-\\dfrac{17017}{10}": 13.616923076923078, "-\\dfrac{409 \\times 11 \\times 13 \\times 17}{2^{17} \\times 3^{10} \\times 5^{4}}": 13.645767441860466, "-\\dfrac{2431}{50}": 15.377333333333333, "\\dfrac{1}{90}": 29.068125000000002}], "combined_traces": ["0", {"-\\dfrac{9724}{25}": 21.321083333333334, "-\\dfrac{2431}{50}": 501.55875000000003, "\\dfrac{2431}{50}": 22.414727272727273, "0": 782.5900000000001, "-\\dfrac{17017}{10}": 13.616923076923078, "-\\dfrac{409 \\times 11 \\times 13 \\times 17}{2^{17} \\times 3^{10} \\times 5^{4}}": 13.645767441860466, "\\dfrac{1}{90}": 29.068125000000002}]}, "ground_truth": "-\\frac{2431}{50}"}