{"min_conf": {"completed_traces": ["\\dfrac{1 + \\sqrt{31}}{2}", {"\\dfrac{1 + \\sqrt{31}}{2}": 100.679}], "truncated_traces": ["2", {"\\dfrac{1+\\sqrt{31}}{2}": 27.619800000000005, "2": 117.4775, "\\dfrac{1 + \\sqrt{31}}{2}": 88.06156250000001, "3": 38.42725, "2\\sqrt{5}": 19.348000000000006}], "combined_traces": ["\\dfrac{1 + \\sqrt{31}}{2}", {"\\dfrac{1 + \\sqrt{31}}{2}": 188.7405625, "\\dfrac{1+\\sqrt{31}}{2}": 27.619800000000005, "2": 117.4775, "3": 38.42725, "2\\sqrt{5}": 19.348000000000006}]}, "max_conf": {"completed_traces": ["\\dfrac{1 + \\sqrt{31}}{2}", {"\\dfrac{1 + \\sqrt{31}}{2}": 150.138}], "truncated_traces": ["\\dfrac{1 + \\sqrt{31}}{2}", {"\\dfrac{1+\\sqrt{31}}{2}": 39.066, "2": 83.994, "\\dfrac{1 + \\sqrt{31}}{2}": 122.134, "3": 27.666, "2\\sqrt{5}": 24.003}], "combined_traces": ["\\dfrac{1 + \\sqrt{31}}{2}", {"\\dfrac{1 + \\sqrt{31}}{2}": 272.272, "\\dfrac{1+\\sqrt{31}}{2}": 39.066, "2": 83.994, "3": 27.666, "2\\sqrt{5}": 24.003}]}, "avg_conf": {"completed_traces": ["\\dfrac{1 + \\sqrt{31}}{2}", {"\\dfrac{1 + \\sqrt{31}}{2}": 124.08226666666668}], "truncated_traces": ["\\dfrac{1 + \\sqrt{31}}{2}", {"\\dfrac{1+\\sqrt{31}}{2}": 27.890000000000004, "2": 83.994, "\\dfrac{1 + \\sqrt{31}}{2}": 88.85407142857143, "3": 27.666, "2\\sqrt{5}": 18.7585}], "combined_traces": ["\\dfrac{1 + \\sqrt{31}}{2}", {"\\dfrac{1 + \\sqrt{31}}{2}": 212.9363380952381, "\\dfrac{1+\\sqrt{31}}{2}": 27.890000000000004, "2": 83.994, "3": 27.666, "2\\sqrt{5}": 18.7585}]}, "ground_truth": "\\frac{1+\\sqrt{31}}{2}"}