{
  "answers": {
    "3": 155,
    "2": 92,
    "1": 53,
    "9/(sqrt(23))": 37,
    "1.88000000000000": 27,
    "(9*sqrt(23))/23": 26,
    "1.87700000000000": 23,
    "1.80000000000000": 23,
    "1.87500000000000": 21,
    "1.87600000000000": 15,
    "15/8": 9,
    "1.87660000000000": 4,
    "1.87000000000000": 4,
    "1.87650000000000": 2,
    "(sqrt(3) + sqrt(15) + sqrt(69))/3": 1,
    "1.87200000000000": 1,
    "Eq(a + b + c, 9/(sqrt(23)))": 1,
    "sqrt(13/3)": 1,
    "sqrt(14)/2": 1,
    "1.88100000000000": 1,
    "1.87680000000000": 1,
    "3/(sqrt(2))": 1,
    "1.88200000000000": 1,
    "(sqrt(6) + sqrt(15) + sqrt(34))/2": 1,
    "sqrt(70)/2": 1,
    "77/41": 1,
    "19/10": 1,
    "4": 1,
    "sqrt(6)": 1,
    "sqrt(13)/2": 1,
    "sqrt(23/3)": 1,
    "47": 1,
    "sqrt(7/2)": 1,
    "sqrt(1691)/(sqrt(480))": 1,
    "sqrt(3)": 1
  },
  "ground_truth": "\\frac{9 \\sqrt{23}}{23}",
  "deepconf_token_stats": {
    "total_tokens": 17494854,
    "total_traces_count": 512,
    "avg_tokens_per_trace": 34169.63671875
  }
}