{
  "answers": {
    "3": 119,
    "2": 92,
    "9/(sqrt(23))": 52,
    "1.88000000000000": 46,
    "(9*sqrt(23))/23": 42,
    "1": 31,
    "1.87700000000000": 25,
    "1.87500000000000": 18,
    "1.87600000000000": 17,
    "15/8": 17,
    "1.80000000000000": 17,
    "1.87660000000000": 3,
    "1.87000000000000": 2,
    "1.87860000000000": 2,
    "1.87900000000000": 2,
    "1.87690000000000": 2,
    "sqrt(1211)/(sqrt(480))": 1,
    "1.87630000000000": 1,
    "9*sqrt(23)": 1,
    "33/17": 1,
    "1.87800000000000": 1,
    "Eq(a + b + c, 9/(sqrt(23)))": 1,
    "8/(sqrt(23))": 1,
    "1.89000000000000": 1,
    "sqrt(23)/2": 1,
    "6": 1,
    "(sqrt(3) + sqrt(5) + sqrt(15))/(sqrt(3))": 1,
    "11/6": 1,
    "19/10": 1,
    "sqrt(11/3)": 1,
    "5": 1,
    "sqrt(6)": 1,
    "(sqrt(3) + sqrt(5) + sqrt(13))/2": 1,
    "1.87870000000000": 1,
    "Eq(a + b + c, (9*sqrt(23))/23)": 1,
    "47/25": 1,
    "1.87670000000000": 1,
    "(sqrt(5) + sqrt(6) + sqrt(15))/2": 1,
    "(3*sqrt(6))/2": 1,
    "1.90000000000000": 1,
    "11/(sqrt(3))": 1
  },
  "ground_truth": "\\frac{9 \\sqrt{23}}{23}",
  "deepconf_token_stats": {
    "total_tokens": 17494854,
    "total_traces_count": 512,
    "avg_tokens_per_trace": 34169.63671875
  }
}