{
  "answers": {
    "(9*sqrt(23))/23": 118,
    "9/(sqrt(23))": 100,
    "2": 68,
    "3": 44,
    "1.88000000000000": 36,
    "15/8": 33,
    "1.87700000000000": 25,
    "1.87600000000000": 12,
    "1": 11,
    "1.87500000000000": 9,
    "1.80000000000000": 8,
    "1.87670000000000": 4,
    "(2*sqrt(22))/5": 4,
    "1.87800000000000": 4,
    "1.87690000000000": 3,
    "1.87660000000000": 3,
    "1.87650000000000": 3,
    "1.87890000000000": 2,
    "1.87900000000000": 2,
    "1.85000000000000": 1,
    "sqrt(7)": 1,
    "sqrt(17/4)": 1,
    "9": 1,
    "37/20": 1,
    "1.87240000000000": 1,
    "Eq(a + b + c, 9/(sqrt(23)))": 1,
    "139/70": 1,
    "69/32": 1,
    "1.87680000000000": 1,
    "1.87590000000000": 1,
    "3/(sqrt(2))": 1,
    "sqrt(13/3)": 1,
    "1.87000000000000": 1,
    "1.88300000000000": 1,
    "19/10": 1,
    "18/(sqrt(13))": 1,
    "77/41": 1,
    "sqrt(6)": 1,
    "6": 1,
    "Eq(a + b + c, (9*sqrt(23))/23)": 1,
    "47/25": 1,
    "1.90200000000000": 1
  },
  "ground_truth": "\\frac{9 \\sqrt{23}}{23}",
  "deepconf_token_stats": {
    "total_tokens": 17494854,
    "total_traces_count": 512,
    "avg_tokens_per_trace": 34169.63671875
  }
}