{
  "answers": {
    "3": 185,
    "1": 89,
    "2": 85,
    "1.88000000000000": 32,
    "9/(sqrt(23))": 25,
    "(9*sqrt(23))/23": 14,
    "1.80000000000000": 13,
    "1.87700000000000": 11,
    "1.87600000000000": 11,
    "15/8": 10,
    "1.87500000000000": 9,
    "1.87000000000000": 4,
    "11/6": 3,
    "4": 3,
    "1.87680000000000": 2,
    "19/10": 2,
    "1.87660000000000": 2,
    "(sqrt(2) + sqrt(6) + sqrt(10))/(sqrt(2))": 1,
    "2.08650000000000": 1,
    "1.87900000000000": 1,
    "1.87670000000000": 1,
    "7/2": 1,
    "18/(sqrt(23))": 1,
    "1.87640000000000": 1,
    "sqrt(3)": 1,
    "sqrt(6)": 1,
    "1.87080000000000": 1,
    "sqrt(7/2)": 1,
    "7/3": 1
  },
  "ground_truth": "\\frac{9 \\sqrt{23}}{23}",
  "deepconf_token_stats": {
    "total_tokens": 17494854,
    "total_traces_count": 512,
    "avg_tokens_per_trace": 34169.63671875
  }
}