{
  "answers": {
    "3": 277,
    "2": 92,
    "1": 73,
    "1.88000000000000": 17,
    "1.80000000000000": 14,
    "1.87700000000000": 8,
    "9/(sqrt(23))": 7,
    "1.87600000000000": 6,
    "(9*sqrt(23))/23": 5,
    "15/8": 3,
    "1.87500000000000": 3,
    "1.87680000000000": 1,
    "1/sqrt(23) + 1/sqrt(23) + 1/sqrt(23) + 3/(sqrt(23)) + 3/(sqrt(23)) + 5/(sqrt(23)) + 5/(sqrt(23)) + 9/(sqrt(23)) + 9/(sqrt(23))": 1,
    "4": 1,
    "sqrt(6)": 1,
    "1.87000000000000": 1,
    "1.87660000000000": 1,
    "1.88300000000000": 1
  },
  "ground_truth": "\\frac{9 \\sqrt{23}}{23}",
  "deepconf_token_stats": {
    "total_tokens": 17494854,
    "total_traces_count": 512,
    "avg_tokens_per_trace": 34169.63671875
  }
}