{
  "answers": {
    "(9*sqrt(23))/23": 98,
    "9/(sqrt(23))": 92,
    "2": 64,
    "3": 58,
    "1.88000000000000": 39,
    "15/8": 29,
    "1": 25,
    "1.87600000000000": 21,
    "1.87700000000000": 18,
    "1.80000000000000": 14,
    "1.87500000000000": 10,
    "1.87800000000000": 5,
    "1.87670000000000": 4,
    "1.87660000000000": 3,
    "1.87690000000000": 2,
    "(sqrt(2) + sqrt(3) + sqrt(6))/(sqrt(2))": 2,
    "47/25": 2,
    "1.87650000000000": 2,
    "sqrt(42)/2": 1,
    "Eq((1 + 3 + 5)/(sqrt(23)), 9/(sqrt(23)))": 1,
    "sqrt(1691/480)": 1,
    "1.91000000000000": 1,
    "(2*sqrt(22))/5": 1,
    "2*sqrt(2)": 1,
    "11/6": 1,
    "1.88600000000000": 1,
    "3/(sqrt(2))": 1,
    "sqrt(14)/2": 1,
    "1.87680000000000": 1,
    "9/5": 1,
    "1.87000000000000": 1,
    "sqrt(6)": 1,
    "15/(sqrt(23))": 1,
    "6": 1,
    "(sqrt(22) + sqrt(54) + sqrt(66))/3": 1,
    "sqrt(88/25)": 1,
    "1.87900000000000": 1,
    "sqrt(70)/2": 1,
    "1.88300000000000": 1,
    "sqrt(1691)/(sqrt(480))": 1,
    "1/sqrt(23) + 3/(sqrt(23)) + 25/(sqrt(23))": 1,
    "sqrt(49/3)": 1
  },
  "ground_truth": "\\frac{9 \\sqrt{23}}{23}",
  "deepconf_token_stats": {
    "total_tokens": 17494854,
    "total_traces_count": 512,
    "avg_tokens_per_trace": 34169.63671875
  }
}