{
  "answers": {
    "(9*sqrt(23))/23": 154,
    "9/(sqrt(23))": 111,
    "2": 60,
    "15/8": 28,
    "1.88000000000000": 26,
    "3": 25,
    "1.87700000000000": 25,
    "1.87600000000000": 17,
    "1": 15,
    "1.87800000000000": 9,
    "1.87500000000000": 5,
    "(2*sqrt(22))/5": 5,
    "1.87680000000000": 5,
    "1.87000000000000": 3,
    "1.87200000000000": 2,
    "1.87900000000000": 2,
    "1.87660000000000": 2,
    "1.85000000000000": 1,
    "1.80000000000000": 1,
    "1.87260000000000": 1,
    "Eq(a + b + c, (9*sqrt(23))/23)": 1,
    "Eq(a + b + c, 9/(sqrt(23)))": 1,
    "1.87350000000000": 1,
    "1.88300000000000": 1,
    "17/9": 1,
    "1.87590000000000": 1,
    "1.87720000000000": 1,
    "sqrt(6)": 1,
    "6": 1,
    "47/25": 1,
    "sqrt(141/40)": 1,
    "5": 1,
    "sqrt(233)/(sqrt(66))": 1,
    "2*sqrt(22)": 1,
    "1.86500000000000": 1
  },
  "ground_truth": "\\frac{9 \\sqrt{23}}{23}",
  "deepconf_token_stats": {
    "total_tokens": 17494854,
    "total_traces_count": 512,
    "avg_tokens_per_trace": 34169.63671875
  }
}