{
  "answers": {
    "3": 387,
    "2": 80,
    "1": 41,
    "1.88000000000000": 2,
    "19/10": 1,
    "9/(sqrt(23))": 1
  },
  "ground_truth": "\\frac{9 \\sqrt{23}}{23}",
  "deepconf_token_stats": {
    "total_tokens": 17494854,
    "total_traces_count": 512,
    "avg_tokens_per_trace": 34169.63671875
  }
}