{
  "answers": {
    "3": 92,
    "(9*sqrt(23))/23": 82,
    "9/(sqrt(23))": 75,
    "2": 63,
    "1.88000000000000": 34,
    "1.87700000000000": 30,
    "15/8": 27,
    "1": 24,
    "1.87600000000000": 19,
    "1.80000000000000": 14,
    "1.87500000000000": 12,
    "1.87800000000000": 5,
    "(2*sqrt(22))/5": 4,
    "1.87000000000000": 3,
    "1.87660000000000": 2,
    "sqrt(1691/480)": 2,
    "1.87690000000000": 2,
    "1.85000000000000": 1,
    "1.87680000000000": 1,
    "Eq(a + b + c, 9/(sqrt(23)))": 1,
    "1.87670000000000": 1,
    "1.89000000000000": 1,
    "sqrt(6)/2": 1,
    "41/24": 1,
    "1.83890000000000": 1,
    "1.88570000000000": 1,
    "(sqrt(5) + sqrt(15) + sqrt(35))/2": 1,
    "(sqrt(1/2) + sqrt(6) + sqrt(22))/(sqrt(2))": 1,
    "\\frac{15}{\\sqrt{23}}}": 1,
    "1.87650000000000": 1,
    "sqrt(6)": 1,
    "6/(sqrt(23))": 1,
    "1.87900000000000": 1,
    "47/25": 1,
    "sqrt(7/2)": 1,
    "sqrt(42)/2": 1,
    "sqrt(13/3)": 1,
    "15/4": 1,
    "1.88580000000000": 1
  },
  "ground_truth": "\\frac{9 \\sqrt{23}}{23}",
  "deepconf_token_stats": {
    "total_tokens": 17494854,
    "total_traces_count": 512,
    "avg_tokens_per_trace": 34169.63671875
  }
}