{
  "answers": {
    "(9*sqrt(23))/23": 133,
    "9/(sqrt(23))": 107,
    "2": 59,
    "3": 38,
    "1.88000000000000": 34,
    "1.87700000000000": 28,
    "15/8": 27,
    "1.87600000000000": 19,
    "1.87500000000000": 16,
    "1": 9,
    "1.87800000000000": 8,
    "1.80000000000000": 5,
    "(2*sqrt(22))/5": 5,
    "1.87670000000000": 4,
    "1.87000000000000": 2,
    "1.87660000000000": 2,
    "47/25": 2,
    "sqrt(66)/2": 1,
    "1.87900000000000": 1,
    "sqrt(3/2) + sqrt(2) + sqrt(6)": 1,
    "Eq(a + b + c, 9/(sqrt(23)))": 1,
    "1.87200000000000": 1,
    "5/2": 1,
    "1.87680000000000": 1,
    "sqrt(6)": 1,
    "6": 1,
    "sqrt(1691)/(sqrt(480))": 1,
    "(7*sqrt(2))/2": 1,
    "sqrt(141/40)": 1,
    "(sqrt(11) + 10 + sqrt(278))/16": 1,
    "9*sqrt(1/23)": 1
  },
  "ground_truth": "\\frac{9 \\sqrt{23}}{23}",
  "deepconf_token_stats": {
    "total_tokens": 17494854,
    "total_traces_count": 512,
    "avg_tokens_per_trace": 34169.63671875
  }
}