{
  "answers": {
    "3": 244,
    "2": 106,
    "1": 62,
    "1.88000000000000": 23,
    "1.80000000000000": 13,
    "9/(sqrt(23))": 13,
    "1.87500000000000": 10,
    "15/8": 9,
    "(9*sqrt(23))/23": 9,
    "1.87700000000000": 8,
    "1.87600000000000": 4,
    "Eq(a + b + c, 1/sqrt(23) + 3/(sqrt(23)) + 5/(sqrt(23))) & Eq(1/sqrt(23) + 3/(sqrt(23)) + 5/(sqrt(23)), 9/(sqrt(23)))": 1,
    "1.50000000000000": 1,
    "sqrt(13/4)": 1,
    "1.87670000000000": 1,
    "4": 1,
    "sqrt(6)": 1,
    "sqrt(42)/2": 1,
    "a + b + c": 1,
    "1.87680000000000": 1,
    "1.88300000000000": 1,
    "1.87900000000000": 1
  },
  "ground_truth": "\\frac{9 \\sqrt{23}}{23}",
  "deepconf_token_stats": {
    "total_tokens": 17494854,
    "total_traces_count": 512,
    "avg_tokens_per_trace": 34169.63671875
  }
}