{
  "answers": {
    "3": 344,
    "2": 80,
    "1": 64,
    "1.88000000000000": 7,
    "9/(sqrt(23))": 6,
    "1.80000000000000": 4,
    "1.87500000000000": 2,
    "1.87650000000000": 1,
    "1.87700000000000": 1,
    "sqrt(1/3)": 1,
    "sqrt(6)": 1,
    "1.20000000000000": 1
  },
  "ground_truth": "\\frac{9 \\sqrt{23}}{23}",
  "deepconf_token_stats": {
    "total_tokens": 17494854,
    "total_traces_count": 512,
    "avg_tokens_per_trace": 34169.63671875
  }
}