{
  "answers": {
    "2": 106,
    "3": 89,
    "9/(sqrt(23))": 63,
    "(9*sqrt(23))/23": 61,
    "1.88000000000000": 30,
    "1": 28,
    "1.87700000000000": 20,
    "1.87600000000000": 20,
    "1.87500000000000": 19,
    "15/8": 19,
    "1.80000000000000": 11,
    "1.87670000000000": 5,
    "1.87800000000000": 4,
    "1.87660000000000": 3,
    "19/10": 2,
    "15/4": 2,
    "1.87690000000000": 2,
    "1.87000000000000": 2,
    "1.85000000000000": 1,
    "sqrt(1211/480)": 1,
    "sqrt(7/2)": 1,
    "{Eq(4*(c**2 + 1), 96/23) & Eq(2*(a**2 + 1), 3*(b**2 + 1)) & Eq(3*(b**2 + 1), 4*(c**2 + 1)), Eq(a*b + a*c + b*c, 1)}": 1,
    "13/6": 1,
    "1.87200000000000": 1,
    "(sqrt(2) + sqrt(6))/2": 1,
    "Eq(a + b + c, 9/(sqrt(23)))": 1,
    "27/14": 1,
    "1.87900000000000": 1,
    "1.87870000000000": 1,
    "1.87680000000000": 1,
    "6": 1,
    "(1 + sqrt(2) + sqrt(6))/1": 1,
    "sqrt(14)/2": 1,
    "3/(sqrt(2))": 1,
    "sqrt(35)/2": 1,
    "4": 1,
    "Eq(1/23 + 9/23 + 25/23, 35/23)": 1,
    "sqrt(6)": 1,
    "15/2": 1,
    "13/7": 1,
    "sqrt(129)/3": 1,
    "47/25": 1,
    "11/6": 1,
    "25/13": 1
  },
  "ground_truth": "\\frac{9 \\sqrt{23}}{23}",
  "deepconf_token_stats": {
    "total_tokens": 17494854,
    "total_traces_count": 512,
    "avg_tokens_per_trace": 34169.63671875
  }
}