{"min_conf": {"completed_traces": ["2^{99}", {"2^{99}": 140.43200000000002}], "truncated_traces": ["2^{99}", {"2^{99}": 768.3940000000003, "\\dfrac{1}{100}": 11.771454545454548}], "combined_traces": ["2^{99}", {"2^{99}": 908.826, "\\dfrac{1}{100}": 11.771454545454548}]}, "max_conf": {"completed_traces": ["2^{99}", {"2^{99}": 160.488}], "truncated_traces": ["2^{99}", {"2^{99}": 800.5290000000001, "\\dfrac{1}{100}": 18.984}], "combined_traces": ["2^{99}", {"2^{99}": 961.0169999999999, "\\dfrac{1}{100}": 18.984}]}, "avg_conf": {"completed_traces": ["2^{99}", {"2^{99}": 150.3454}], "truncated_traces": ["2^{99}", {"2^{99}": 739.1270000000001, "\\dfrac{1}{100}": 12.109333333333334}], "combined_traces": ["2^{99}", {"2^{99}": 889.4724, "\\dfrac{1}{100}": 12.109333333333334}]}, "ground_truth": "2^{99}"}