{"completed_traces_voting_answer": ["\\dfrac{\\sqrt{13}}{2}", {"\\dfrac{\\sqrt{13}}{2}": 505.5285833333333}], "truncated_traces_voting_answer": ["\\dfrac{2\\sqrt{3}}{3}", {"\\dfrac{7}{4}": 67.1475, "\\dfrac{2 + \\sqrt{3}}{2}": 11.720928571428573, "\\dfrac{1}{2}": 161.11337500000002, "\\dfrac{7}{2}": 130.478, "\\dfrac{3\\sqrt{3}}{2}": 173.15984615384613, "\\dfrac{2\\sqrt{21}}{7}": 80.04964285714286, "\\dfrac{7\\sqrt{3}}{8}": 71.0366923076923, "1": 25.451999999999998, "\\sqrt{13}": 32.14883333333333, "\\sqrt{3}": 51.693799999999996, "\\dfrac{5}{2}": 10.910625000000001, "\\dfrac{1}{\\sqrt{3}}": 33.337, "\\dfrac{4\\sqrt{3}}{3}": 11.119538461538461, "\\dfrac{7\\sqrt{3}}{6}": 22.627384615384614, "\\dfrac{4}{\\sqrt{7}}": 10.719636363636363, "\\dfrac{3\\sqrt{3}}{7}": 92.23515384615385, "\\dfrac{\\sqrt{3}}{2}": 34.54227272727273, "\\dfrac{7\\sqrt{13}}{4}": 12.220500000000001, "3": 71.2745, "\\dfrac{\\sqrt{13}}{2}": 96.15141666666666, "\\dfrac{19}{8}": 10.832888888888888, "\\dfrac{7}{8}": 33.83575, "\\dfrac{2\\sqrt{3}}{3}": 257.0879230769231, "\\dfrac{1}{\\sqrt{7}}": 21.474909090909094, "2": 88.77200000000002, "\\dfrac{7\\sqrt{3}}{12}": 34.742071428571435, "\\dfrac{7}{\\sqrt{3}}": 10.276454545454545, "\\dfrac{3}{2}": 98.464375, "\\dfrac{2\\sqrt{6} + \\sqrt{2}}{4}": 11.802684210526317, "\\dfrac{7\\sqrt{3}}{4}": 35.96853846153846, "\\dfrac{2 + \\sqrt{3}}{1}": 11.641785714285714, "\\dfrac{4\\sqrt{3}}{7}": 34.24738461538462, "\\dfrac{2\\sqrt{3}}{7}": 67.34992307692309, "\\dfrac{2\\sqrt{21}}{3}": 10.969357142857145, "\\dfrac{13\\sqrt{3}}{14}": 11.247666666666667, "\\dfrac{3}{4}": 11.860375, "\\dfrac{2\\sqrt{13}}{3}": 34.44935714285714, "\\dfrac{13}{7}": 9.922666666666666, "\\dfrac{2}{\\sqrt{3}}": 11.159545454545455, "\\dfrac{11}{7}": 10.311444444444446, "\\dfrac{2\\sqrt{21} + 2}{7}": 10.723176470588236, "\\dfrac{5}{7}": 11.178625, "\\sqrt{13} - \\dfrac{\\sqrt{39}}{2}": 11.575105263157894, "\\dfrac{1}{4}": 11.178, "\\dfrac{3\\sqrt{3}}{4}": 11.521615384615385, "\\dfrac{2\\sqrt{3} + 3}{2}": 10.8743125, "\\dfrac{2}{\\sqrt{7}}": 10.699727272727273, "\\dfrac{7\\sqrt{3}}{2}": 11.460769230769232}], "combined_traces_voting_answer": ["\\dfrac{\\sqrt{13}}{2}", {"\\dfrac{\\sqrt{13}}{2}": 601.68, "\\dfrac{7}{4}": 67.1475, "\\dfrac{2 + \\sqrt{3}}{2}": 11.720928571428573, "\\dfrac{1}{2}": 161.11337500000002, "\\dfrac{7}{2}": 130.478, "\\dfrac{3\\sqrt{3}}{2}": 173.15984615384613, "\\dfrac{2\\sqrt{21}}{7}": 80.04964285714286, "\\dfrac{7\\sqrt{3}}{8}": 71.0366923076923, "1": 25.451999999999998, "\\sqrt{13}": 32.14883333333333, "\\sqrt{3}": 51.693799999999996, "\\dfrac{5}{2}": 10.910625000000001, "\\dfrac{1}{\\sqrt{3}}": 33.337, "\\dfrac{4\\sqrt{3}}{3}": 11.119538461538461, "\\dfrac{7\\sqrt{3}}{6}": 22.627384615384614, "\\dfrac{4}{\\sqrt{7}}": 10.719636363636363, "\\dfrac{3\\sqrt{3}}{7}": 92.23515384615385, "\\dfrac{\\sqrt{3}}{2}": 34.54227272727273, "\\dfrac{7\\sqrt{13}}{4}": 12.220500000000001, "3": 71.2745, "\\dfrac{19}{8}": 10.832888888888888, "\\dfrac{7}{8}": 33.83575, "\\dfrac{2\\sqrt{3}}{3}": 257.0879230769231, "\\dfrac{1}{\\sqrt{7}}": 21.474909090909094, "2": 88.77200000000002, "\\dfrac{7\\sqrt{3}}{12}": 34.742071428571435, "\\dfrac{7}{\\sqrt{3}}": 10.276454545454545, "\\dfrac{3}{2}": 98.464375, "\\dfrac{2\\sqrt{6} + \\sqrt{2}}{4}": 11.802684210526317, "\\dfrac{7\\sqrt{3}}{4}": 35.96853846153846, "\\dfrac{2 + \\sqrt{3}}{1}": 11.641785714285714, "\\dfrac{4\\sqrt{3}}{7}": 34.24738461538462, "\\dfrac{2\\sqrt{3}}{7}": 67.34992307692309, "\\dfrac{2\\sqrt{21}}{3}": 10.969357142857145, "\\dfrac{13\\sqrt{3}}{14}": 11.247666666666667, "\\dfrac{3}{4}": 11.860375, "\\dfrac{2\\sqrt{13}}{3}": 34.44935714285714, "\\dfrac{13}{7}": 9.922666666666666, "\\dfrac{2}{\\sqrt{3}}": 11.159545454545455, "\\dfrac{11}{7}": 10.311444444444446, "\\dfrac{2\\sqrt{21} + 2}{7}": 10.723176470588236, "\\dfrac{5}{7}": 11.178625, "\\sqrt{13} - \\dfrac{\\sqrt{39}}{2}": 11.575105263157894, "\\dfrac{1}{4}": 11.178, "\\dfrac{3\\sqrt{3}}{4}": 11.521615384615385, "\\dfrac{2\\sqrt{3} + 3}{2}": 10.8743125, "\\dfrac{2}{\\sqrt{7}}": 10.699727272727273, "\\dfrac{7\\sqrt{3}}{2}": 11.460769230769232}], "ground_truth": "\\frac{\\sqrt{13}}{2}"}