{"min_conf": {"completed_traces": ["\\dfrac{\\sqrt{13}}{2}", {"\\dfrac{\\sqrt{13}}{2}": 345.45500000000004}], "truncated_traces": ["\\dfrac{2\\sqrt{3}}{3}", {"\\dfrac{7}{4}": 67.00622222222222, "\\dfrac{2 + \\sqrt{3}}{2}": 11.643066666666668, "\\dfrac{1}{2}": 162.24033333333335, "\\dfrac{7}{2}": 129.1052222222222, "\\dfrac{3\\sqrt{3}}{2}": 171.40364285714287, "\\dfrac{2\\sqrt{21}}{7}": 79.90180000000001, "\\dfrac{7\\sqrt{3}}{8}": 70.48721428571429, "1": 26.99675, "\\sqrt{13}": 31.185142857142854, "\\sqrt{3}": 50.596333333333334, "\\dfrac{5}{2}": 10.939555555555557, "\\dfrac{1}{\\sqrt{3}}": 32.79208333333334, "\\dfrac{4\\sqrt{3}}{3}": 11.0565, "\\dfrac{7\\sqrt{3}}{6}": 22.545214285714287, "\\dfrac{4}{\\sqrt{7}}": 10.585249999999998, "\\dfrac{3\\sqrt{3}}{7}": 91.85007142857144, "\\dfrac{\\sqrt{3}}{2}": 33.980666666666664, "\\dfrac{7\\sqrt{13}}{4}": 12.115666666666668, "3": 75.05324999999999, "\\dfrac{\\sqrt{13}}{2}": 95.30323076923077, "\\dfrac{19}{8}": 10.895399999999999, "\\dfrac{7}{8}": 33.76177777777778, "\\dfrac{2\\sqrt{3}}{3}": 255.2495714285714, "\\dfrac{1}{\\sqrt{7}}": 21.263500000000004, "2": 94.91550000000001, "\\dfrac{7\\sqrt{3}}{12}": 34.65206666666666, "\\dfrac{7}{\\sqrt{3}}": 10.155583333333333, "\\dfrac{3}{2}": 99.26088888888887, "\\dfrac{2\\sqrt{6} + \\sqrt{2}}{4}": 11.6678, "\\dfrac{7\\sqrt{3}}{4}": 35.56285714285714, "\\dfrac{2 + \\sqrt{3}}{1}": 11.378466666666666, "\\dfrac{4\\sqrt{3}}{7}": 34.076, "\\dfrac{2\\sqrt{3}}{7}": 67.13714285714286, "\\dfrac{2\\sqrt{21}}{3}": 10.917666666666667, "\\dfrac{13\\sqrt{3}}{14}": 11.253125, "\\dfrac{3}{4}": 11.862888888888888, "\\dfrac{2\\sqrt{13}}{3}": 34.31946666666666, "\\dfrac{13}{7}": 10.1217, "\\dfrac{2}{\\sqrt{3}}": 10.981083333333332, "\\dfrac{11}{7}": 10.391300000000001, "\\dfrac{2\\sqrt{21} + 2}{7}": 10.67338888888889, "\\dfrac{5}{7}": 11.320666666666666, "\\sqrt{13} - \\dfrac{\\sqrt{39}}{2}": 11.37355, "\\dfrac{1}{4}": 11.17988888888889, "\\dfrac{3\\sqrt{3}}{4}": 11.406642857142858, "\\dfrac{2\\sqrt{3} + 3}{2}": 10.81294117647059, "\\dfrac{2}{\\sqrt{7}}": 10.600333333333333, "\\dfrac{7\\sqrt{3}}{2}": 11.318714285714288}], "combined_traces": ["\\dfrac{\\sqrt{13}}{2}", {"\\dfrac{\\sqrt{13}}{2}": 440.7582307692308, "\\dfrac{7}{4}": 67.00622222222222, "\\dfrac{2 + \\sqrt{3}}{2}": 11.643066666666668, "\\dfrac{1}{2}": 162.24033333333335, "\\dfrac{7}{2}": 129.1052222222222, "\\dfrac{3\\sqrt{3}}{2}": 171.40364285714287, "\\dfrac{2\\sqrt{21}}{7}": 79.90180000000001, "\\dfrac{7\\sqrt{3}}{8}": 70.48721428571429, "1": 26.99675, "\\sqrt{13}": 31.185142857142854, "\\sqrt{3}": 50.596333333333334, "\\dfrac{5}{2}": 10.939555555555557, "\\dfrac{1}{\\sqrt{3}}": 32.79208333333334, "\\dfrac{4\\sqrt{3}}{3}": 11.0565, "\\dfrac{7\\sqrt{3}}{6}": 22.545214285714287, "\\dfrac{4}{\\sqrt{7}}": 10.585249999999998, "\\dfrac{3\\sqrt{3}}{7}": 91.85007142857144, "\\dfrac{\\sqrt{3}}{2}": 33.980666666666664, "\\dfrac{7\\sqrt{13}}{4}": 12.115666666666668, "3": 75.05324999999999, "\\dfrac{19}{8}": 10.895399999999999, "\\dfrac{7}{8}": 33.76177777777778, "\\dfrac{2\\sqrt{3}}{3}": 255.2495714285714, "\\dfrac{1}{\\sqrt{7}}": 21.263500000000004, "2": 94.91550000000001, "\\dfrac{7\\sqrt{3}}{12}": 34.65206666666666, "\\dfrac{7}{\\sqrt{3}}": 10.155583333333333, "\\dfrac{3}{2}": 99.26088888888887, "\\dfrac{2\\sqrt{6} + \\sqrt{2}}{4}": 11.6678, "\\dfrac{7\\sqrt{3}}{4}": 35.56285714285714, "\\dfrac{2 + \\sqrt{3}}{1}": 11.378466666666666, "\\dfrac{4\\sqrt{3}}{7}": 34.076, "\\dfrac{2\\sqrt{3}}{7}": 67.13714285714286, "\\dfrac{2\\sqrt{21}}{3}": 10.917666666666667, "\\dfrac{13\\sqrt{3}}{14}": 11.253125, "\\dfrac{3}{4}": 11.862888888888888, "\\dfrac{2\\sqrt{13}}{3}": 34.31946666666666, "\\dfrac{13}{7}": 10.1217, "\\dfrac{2}{\\sqrt{3}}": 10.981083333333332, "\\dfrac{11}{7}": 10.391300000000001, "\\dfrac{2\\sqrt{21} + 2}{7}": 10.67338888888889, "\\dfrac{5}{7}": 11.320666666666666, "\\sqrt{13} - \\dfrac{\\sqrt{39}}{2}": 11.37355, "\\dfrac{1}{4}": 11.17988888888889, "\\dfrac{3\\sqrt{3}}{4}": 11.406642857142858, "\\dfrac{2\\sqrt{3} + 3}{2}": 10.81294117647059, "\\dfrac{2}{\\sqrt{7}}": 10.600333333333333, "\\dfrac{7\\sqrt{3}}{2}": 11.318714285714288}]}, "max_conf": {"completed_traces": ["\\dfrac{\\sqrt{13}}{2}", {"\\dfrac{\\sqrt{13}}{2}": 602.282}], "truncated_traces": ["\\dfrac{2\\sqrt{3}}{3}", {"\\dfrac{7}{4}": 110.43199999999999, "\\dfrac{2 + \\sqrt{3}}{2}": 18.416, "\\dfrac{1}{2}": 276.377, "\\dfrac{7}{2}": 218.12300000000002, "\\dfrac{3\\sqrt{3}}{2}": 268.544, "\\dfrac{2\\sqrt{21}}{7}": 128.05, "\\dfrac{7\\sqrt{3}}{8}": 111.73499999999999, "1": 28.250999999999998, "\\sqrt{13}": 38.695, "\\sqrt{3}": 60.165, "\\dfrac{5}{2}": 17.966, "\\dfrac{1}{\\sqrt{3}}": 55.85600000000001, "\\dfrac{4\\sqrt{3}}{3}": 18.094, "\\dfrac{7\\sqrt{3}}{6}": 35.344, "\\dfrac{4}{\\sqrt{7}}": 19.194, "\\dfrac{3\\sqrt{3}}{7}": 146.926, "\\dfrac{\\sqrt{3}}{2}": 55.903, "\\dfrac{7\\sqrt{13}}{4}": 18.331, "3": 78.94900000000001, "\\dfrac{\\sqrt{13}}{2}": 119.74100000000001, "\\dfrac{19}{8}": 18.428, "\\dfrac{7}{8}": 56.492999999999995, "\\dfrac{2\\sqrt{3}}{3}": 415.84599999999995, "\\dfrac{1}{\\sqrt{7}}": 37.269000000000005, "2": 98.53399999999999, "\\dfrac{7\\sqrt{3}}{12}": 55.690000000000005, "\\dfrac{7}{\\sqrt{3}}": 17.566, "\\dfrac{3}{2}": 164.018, "\\dfrac{2\\sqrt{6} + \\sqrt{2}}{4}": 19.038, "\\dfrac{7\\sqrt{3}}{4}": 55.247, "\\dfrac{2 + \\sqrt{3}}{1}": 17.894, "\\dfrac{4\\sqrt{3}}{7}": 54.09400000000001, "\\dfrac{2\\sqrt{3}}{7}": 109.797, "\\dfrac{2\\sqrt{21}}{3}": 17.784, "\\dfrac{13\\sqrt{3}}{14}": 19.175, "\\dfrac{3}{4}": 19.862, "\\dfrac{2\\sqrt{13}}{3}": 53.58800000000001, "\\dfrac{13}{7}": 17.916, "\\dfrac{2}{\\sqrt{3}}": 17.878, "\\dfrac{11}{7}": 18.481, "\\dfrac{2\\sqrt{21} + 2}{7}": 19.088, "\\dfrac{5}{7}": 18.669, "\\sqrt{13} - \\dfrac{\\sqrt{39}}{2}": 21.347, "\\dfrac{1}{4}": 19.169, "\\dfrac{3\\sqrt{3}}{4}": 17.913, "\\dfrac{2\\sqrt{3} + 3}{2}": 16.713, "\\dfrac{2}{\\sqrt{7}}": 19.497, "\\dfrac{7\\sqrt{3}}{2}": 18.072}], "combined_traces": ["\\dfrac{\\sqrt{13}}{2}", {"\\dfrac{\\sqrt{13}}{2}": 722.0230000000001, "\\dfrac{7}{4}": 110.43199999999999, "\\dfrac{2 + \\sqrt{3}}{2}": 18.416, "\\dfrac{1}{2}": 276.377, "\\dfrac{7}{2}": 218.12300000000002, "\\dfrac{3\\sqrt{3}}{2}": 268.544, "\\dfrac{2\\sqrt{21}}{7}": 128.05, "\\dfrac{7\\sqrt{3}}{8}": 111.73499999999999, "1": 28.250999999999998, "\\sqrt{13}": 38.695, "\\sqrt{3}": 60.165, "\\dfrac{5}{2}": 17.966, "\\dfrac{1}{\\sqrt{3}}": 55.85600000000001, "\\dfrac{4\\sqrt{3}}{3}": 18.094, "\\dfrac{7\\sqrt{3}}{6}": 35.344, "\\dfrac{4}{\\sqrt{7}}": 19.194, "\\dfrac{3\\sqrt{3}}{7}": 146.926, "\\dfrac{\\sqrt{3}}{2}": 55.903, "\\dfrac{7\\sqrt{13}}{4}": 18.331, "3": 78.94900000000001, "\\dfrac{19}{8}": 18.428, "\\dfrac{7}{8}": 56.492999999999995, "\\dfrac{2\\sqrt{3}}{3}": 415.84599999999995, "\\dfrac{1}{\\sqrt{7}}": 37.269000000000005, "2": 98.53399999999999, "\\dfrac{7\\sqrt{3}}{12}": 55.690000000000005, "\\dfrac{7}{\\sqrt{3}}": 17.566, "\\dfrac{3}{2}": 164.018, "\\dfrac{2\\sqrt{6} + \\sqrt{2}}{4}": 19.038, "\\dfrac{7\\sqrt{3}}{4}": 55.247, "\\dfrac{2 + \\sqrt{3}}{1}": 17.894, "\\dfrac{4\\sqrt{3}}{7}": 54.09400000000001, "\\dfrac{2\\sqrt{3}}{7}": 109.797, "\\dfrac{2\\sqrt{21}}{3}": 17.784, "\\dfrac{13\\sqrt{3}}{14}": 19.175, "\\dfrac{3}{4}": 19.862, "\\dfrac{2\\sqrt{13}}{3}": 53.58800000000001, "\\dfrac{13}{7}": 17.916, "\\dfrac{2}{\\sqrt{3}}": 17.878, "\\dfrac{11}{7}": 18.481, "\\dfrac{2\\sqrt{21} + 2}{7}": 19.088, "\\dfrac{5}{7}": 18.669, "\\sqrt{13} - \\dfrac{\\sqrt{39}}{2}": 21.347, "\\dfrac{1}{4}": 19.169, "\\dfrac{3\\sqrt{3}}{4}": 17.913, "\\dfrac{2\\sqrt{3} + 3}{2}": 16.713, "\\dfrac{2}{\\sqrt{7}}": 19.497, "\\dfrac{7\\sqrt{3}}{2}": 18.072}]}, "avg_conf": {"completed_traces": ["\\dfrac{\\sqrt{13}}{2}", {"\\dfrac{\\sqrt{13}}{2}": 505.5285833333333}], "truncated_traces": ["\\dfrac{2\\sqrt{3}}{3}", {"\\dfrac{7}{4}": 67.1475, "\\dfrac{2 + \\sqrt{3}}{2}": 11.720928571428573, "\\dfrac{1}{2}": 161.11337500000002, "\\dfrac{7}{2}": 130.478, "\\dfrac{3\\sqrt{3}}{2}": 173.15984615384613,