{"completed_traces_voting_answer": ["\\dfrac{\\sqrt{13}}{2}", {"\\dfrac{\\sqrt{13}}{2}": 602.282}], "truncated_traces_voting_answer": ["\\dfrac{2\\sqrt{3}}{3}", {"\\dfrac{7}{4}": 110.43199999999999, "\\dfrac{2 + \\sqrt{3}}{2}": 18.416, "\\dfrac{1}{2}": 276.377, "\\dfrac{7}{2}": 218.12300000000002, "\\dfrac{3\\sqrt{3}}{2}": 268.544, "\\dfrac{2\\sqrt{21}}{7}": 128.05, "\\dfrac{7\\sqrt{3}}{8}": 111.73499999999999, "1": 28.250999999999998, "\\sqrt{13}": 38.695, "\\sqrt{3}": 60.165, "\\dfrac{5}{2}": 17.966, "\\dfrac{1}{\\sqrt{3}}": 55.85600000000001, "\\dfrac{4\\sqrt{3}}{3}": 18.094, "\\dfrac{7\\sqrt{3}}{6}": 35.344, "\\dfrac{4}{\\sqrt{7}}": 19.194, "\\dfrac{3\\sqrt{3}}{7}": 146.926, "\\dfrac{\\sqrt{3}}{2}": 55.903, "\\dfrac{7\\sqrt{13}}{4}": 18.331, "3": 78.94900000000001, "\\dfrac{\\sqrt{13}}{2}": 119.74100000000001, "\\dfrac{19}{8}": 18.428, "\\dfrac{7}{8}": 56.492999999999995, "\\dfrac{2\\sqrt{3}}{3}": 415.84599999999995, "\\dfrac{1}{\\sqrt{7}}": 37.269000000000005, "2": 98.53399999999999, "\\dfrac{7\\sqrt{3}}{12}": 55.690000000000005, "\\dfrac{7}{\\sqrt{3}}": 17.566, "\\dfrac{3}{2}": 164.018, "\\dfrac{2\\sqrt{6} + \\sqrt{2}}{4}": 19.038, "\\dfrac{7\\sqrt{3}}{4}": 55.247, "\\dfrac{2 + \\sqrt{3}}{1}": 17.894, "\\dfrac{4\\sqrt{3}}{7}": 54.09400000000001, "\\dfrac{2\\sqrt{3}}{7}": 109.797, "\\dfrac{2\\sqrt{21}}{3}": 17.784, "\\dfrac{13\\sqrt{3}}{14}": 19.175, "\\dfrac{3}{4}": 19.862, "\\dfrac{2\\sqrt{13}}{3}": 53.58800000000001, "\\dfrac{13}{7}": 17.916, "\\dfrac{2}{\\sqrt{3}}": 17.878, "\\dfrac{11}{7}": 18.481, "\\dfrac{2\\sqrt{21} + 2}{7}": 19.088, "\\dfrac{5}{7}": 18.669, "\\sqrt{13} - \\dfrac{\\sqrt{39}}{2}": 21.347, "\\dfrac{1}{4}": 19.169, "\\dfrac{3\\sqrt{3}}{4}": 17.913, "\\dfrac{2\\sqrt{3} + 3}{2}": 16.713, "\\dfrac{2}{\\sqrt{7}}": 19.497, "\\dfrac{7\\sqrt{3}}{2}": 18.072}], "combined_traces_voting_answer": ["\\dfrac{\\sqrt{13}}{2}", {"\\dfrac{\\sqrt{13}}{2}": 722.0230000000001, "\\dfrac{7}{4}": 110.43199999999999, "\\dfrac{2 + \\sqrt{3}}{2}": 18.416, "\\dfrac{1}{2}": 276.377, "\\dfrac{7}{2}": 218.12300000000002, "\\dfrac{3\\sqrt{3}}{2}": 268.544, "\\dfrac{2\\sqrt{21}}{7}": 128.05, "\\dfrac{7\\sqrt{3}}{8}": 111.73499999999999, "1": 28.250999999999998, "\\sqrt{13}": 38.695, "\\sqrt{3}": 60.165, "\\dfrac{5}{2}": 17.966, "\\dfrac{1}{\\sqrt{3}}": 55.85600000000001, "\\dfrac{4\\sqrt{3}}{3}": 18.094, "\\dfrac{7\\sqrt{3}}{6}": 35.344, "\\dfrac{4}{\\sqrt{7}}": 19.194, "\\dfrac{3\\sqrt{3}}{7}": 146.926, "\\dfrac{\\sqrt{3}}{2}": 55.903, "\\dfrac{7\\sqrt{13}}{4}": 18.331, "3": 78.94900000000001, "\\dfrac{19}{8}": 18.428, "\\dfrac{7}{8}": 56.492999999999995, "\\dfrac{2\\sqrt{3}}{3}": 415.84599999999995, "\\dfrac{1}{\\sqrt{7}}": 37.269000000000005, "2": 98.53399999999999, "\\dfrac{7\\sqrt{3}}{12}": 55.690000000000005, "\\dfrac{7}{\\sqrt{3}}": 17.566, "\\dfrac{3}{2}": 164.018, "\\dfrac{2\\sqrt{6} + \\sqrt{2}}{4}": 19.038, "\\dfrac{7\\sqrt{3}}{4}": 55.247, "\\dfrac{2 + \\sqrt{3}}{1}": 17.894, "\\dfrac{4\\sqrt{3}}{7}": 54.09400000000001, "\\dfrac{2\\sqrt{3}}{7}": 109.797, "\\dfrac{2\\sqrt{21}}{3}": 17.784, "\\dfrac{13\\sqrt{3}}{14}": 19.175, "\\dfrac{3}{4}": 19.862, "\\dfrac{2\\sqrt{13}}{3}": 53.58800000000001, "\\dfrac{13}{7}": 17.916, "\\dfrac{2}{\\sqrt{3}}": 17.878, "\\dfrac{11}{7}": 18.481, "\\dfrac{2\\sqrt{21} + 2}{7}": 19.088, "\\dfrac{5}{7}": 18.669, "\\sqrt{13} - \\dfrac{\\sqrt{39}}{2}": 21.347, "\\dfrac{1}{4}": 19.169, "\\dfrac{3\\sqrt{3}}{4}": 17.913, "\\dfrac{2\\sqrt{3} + 3}{2}": 16.713, "\\dfrac{2}{\\sqrt{7}}": 19.497, "\\dfrac{7\\sqrt{3}}{2}": 18.072}], "ground_truth": "\\frac{\\sqrt{13}}{2}"}