{"completed_traces_voting_answer": ["\\dfrac{\\sqrt{13}}{2}", {"\\dfrac{\\sqrt{13}}{2}": 345.45500000000004}], "truncated_traces_voting_answer": ["\\dfrac{2\\sqrt{3}}{3}", {"\\dfrac{7}{4}": 67.00622222222222, "\\dfrac{2 + \\sqrt{3}}{2}": 11.643066666666668, "\\dfrac{1}{2}": 162.24033333333335, "\\dfrac{7}{2}": 129.1052222222222, "\\dfrac{3\\sqrt{3}}{2}": 171.40364285714287, "\\dfrac{2\\sqrt{21}}{7}": 79.90180000000001, "\\dfrac{7\\sqrt{3}}{8}": 70.48721428571429, "1": 26.99675, "\\sqrt{13}": 31.185142857142854, "\\sqrt{3}": 50.596333333333334, "\\dfrac{5}{2}": 10.939555555555557, "\\dfrac{1}{\\sqrt{3}}": 32.79208333333334, "\\dfrac{4\\sqrt{3}}{3}": 11.0565, "\\dfrac{7\\sqrt{3}}{6}": 22.545214285714287, "\\dfrac{4}{\\sqrt{7}}": 10.585249999999998, "\\dfrac{3\\sqrt{3}}{7}": 91.85007142857144, "\\dfrac{\\sqrt{3}}{2}": 33.980666666666664, "\\dfrac{7\\sqrt{13}}{4}": 12.115666666666668, "3": 75.05324999999999, "\\dfrac{\\sqrt{13}}{2}": 95.30323076923077, "\\dfrac{19}{8}": 10.895399999999999, "\\dfrac{7}{8}": 33.76177777777778, "\\dfrac{2\\sqrt{3}}{3}": 255.2495714285714, "\\dfrac{1}{\\sqrt{7}}": 21.263500000000004, "2": 94.91550000000001, "\\dfrac{7\\sqrt{3}}{12}": 34.65206666666666, "\\dfrac{7}{\\sqrt{3}}": 10.155583333333333, "\\dfrac{3}{2}": 99.26088888888887, "\\dfrac{2\\sqrt{6} + \\sqrt{2}}{4}": 11.6678, "\\dfrac{7\\sqrt{3}}{4}": 35.56285714285714, "\\dfrac{2 + \\sqrt{3}}{1}": 11.378466666666666, "\\dfrac{4\\sqrt{3}}{7}": 34.076, "\\dfrac{2\\sqrt{3}}{7}": 67.13714285714286, "\\dfrac{2\\sqrt{21}}{3}": 10.917666666666667, "\\dfrac{13\\sqrt{3}}{14}": 11.253125, "\\dfrac{3}{4}": 11.862888888888888, "\\dfrac{2\\sqrt{13}}{3}": 34.31946666666666, "\\dfrac{13}{7}": 10.1217, "\\dfrac{2}{\\sqrt{3}}": 10.981083333333332, "\\dfrac{11}{7}": 10.391300000000001, "\\dfrac{2\\sqrt{21} + 2}{7}": 10.67338888888889, "\\dfrac{5}{7}": 11.320666666666666, "\\sqrt{13} - \\dfrac{\\sqrt{39}}{2}": 11.37355, "\\dfrac{1}{4}": 11.17988888888889, "\\dfrac{3\\sqrt{3}}{4}": 11.406642857142858, "\\dfrac{2\\sqrt{3} + 3}{2}": 10.81294117647059, "\\dfrac{2}{\\sqrt{7}}": 10.600333333333333, "\\dfrac{7\\sqrt{3}}{2}": 11.318714285714288}], "combined_traces_voting_answer": ["\\dfrac{\\sqrt{13}}{2}", {"\\dfrac{\\sqrt{13}}{2}": 440.7582307692308, "\\dfrac{7}{4}": 67.00622222222222, "\\dfrac{2 + \\sqrt{3}}{2}": 11.643066666666668, "\\dfrac{1}{2}": 162.24033333333335, "\\dfrac{7}{2}": 129.1052222222222, "\\dfrac{3\\sqrt{3}}{2}": 171.40364285714287, "\\dfrac{2\\sqrt{21}}{7}": 79.90180000000001, "\\dfrac{7\\sqrt{3}}{8}": 70.48721428571429, "1": 26.99675, "\\sqrt{13}": 31.185142857142854, "\\sqrt{3}": 50.596333333333334, "\\dfrac{5}{2}": 10.939555555555557, "\\dfrac{1}{\\sqrt{3}}": 32.79208333333334, "\\dfrac{4\\sqrt{3}}{3}": 11.0565, "\\dfrac{7\\sqrt{3}}{6}": 22.545214285714287, "\\dfrac{4}{\\sqrt{7}}": 10.585249999999998, "\\dfrac{3\\sqrt{3}}{7}": 91.85007142857144, "\\dfrac{\\sqrt{3}}{2}": 33.980666666666664, "\\dfrac{7\\sqrt{13}}{4}": 12.115666666666668, "3": 75.05324999999999, "\\dfrac{19}{8}": 10.895399999999999, "\\dfrac{7}{8}": 33.76177777777778, "\\dfrac{2\\sqrt{3}}{3}": 255.2495714285714, "\\dfrac{1}{\\sqrt{7}}": 21.263500000000004, "2": 94.91550000000001, "\\dfrac{7\\sqrt{3}}{12}": 34.65206666666666, "\\dfrac{7}{\\sqrt{3}}": 10.155583333333333, "\\dfrac{3}{2}": 99.26088888888887, "\\dfrac{2\\sqrt{6} + \\sqrt{2}}{4}": 11.6678, "\\dfrac{7\\sqrt{3}}{4}": 35.56285714285714, "\\dfrac{2 + \\sqrt{3}}{1}": 11.378466666666666, "\\dfrac{4\\sqrt{3}}{7}": 34.076, "\\dfrac{2\\sqrt{3}}{7}": 67.13714285714286, "\\dfrac{2\\sqrt{21}}{3}": 10.917666666666667, "\\dfrac{13\\sqrt{3}}{14}": 11.253125, "\\dfrac{3}{4}": 11.862888888888888, "\\dfrac{2\\sqrt{13}}{3}": 34.31946666666666, "\\dfrac{13}{7}": 10.1217, "\\dfrac{2}{\\sqrt{3}}": 10.981083333333332, "\\dfrac{11}{7}": 10.391300000000001, "\\dfrac{2\\sqrt{21} + 2}{7}": 10.67338888888889, "\\dfrac{5}{7}": 11.320666666666666, "\\sqrt{13} - \\dfrac{\\sqrt{39}}{2}": 11.37355, "\\dfrac{1}{4}": 11.17988888888889, "\\dfrac{3\\sqrt{3}}{4}": 11.406642857142858, "\\dfrac{2\\sqrt{3} + 3}{2}": 10.81294117647059, "\\dfrac{2}{\\sqrt{7}}": 10.600333333333333, "\\dfrac{7\\sqrt{3}}{2}": 11.318714285714288}], "ground_truth": "\\frac{\\sqrt{13}}{2}"}