{"min_conf": {"completed_traces": ["-\\dfrac{2431}{50}", {"-\\dfrac{2431}{50}": 116.894}], "truncated_traces": ["0", {"0": 575.5885, "\\dfrac{1}{90^{2}}": 9.889416666666667}], "combined_traces": ["0", {"-\\dfrac{2431}{50}": 116.894, "0": 575.5885, "\\dfrac{1}{90^{2}}": 9.889416666666667}]}, "max_conf": {"completed_traces": ["-\\dfrac{2431}{50}", {"-\\dfrac{2431}{50}": 152.987}], "truncated_traces": ["0", {"0": 507.43700000000007, "\\dfrac{1}{90^{2}}": 19.256}], "combined_traces": ["0", {"-\\dfrac{2431}{50}": 152.987, "0": 507.43700000000007, "\\dfrac{1}{90^{2}}": 19.256}]}, "avg_conf": {"completed_traces": ["-\\dfrac{2431}{50}", {"-\\dfrac{2431}{50}": 131.91691666666668}], "truncated_traces": ["0", {"0": 507.43700000000007, "\\dfrac{1}{90^{2}}": 10.144200000000001}], "combined_traces": ["0", {"-\\dfrac{2431}{50}": 131.91691666666668, "0": 507.43700000000007, "\\dfrac{1}{90^{2}}": 10.144200000000001}]}, "ground_truth": "-\\frac{2431}{50}"}