{"completed_traces_voting_answer": ["\\dfrac{1}{9}", {"\\dfrac{1}{9}": 713.9275}], "truncated_traces_voting_answer": ["\\dfrac{1}{9}", {"\\dfrac{1}{3}": 98.83475, "\\dfrac{4}{3}": 11.23, "\\dfrac{1}{68}": 32.69766666666666, "\\dfrac{1}{9}": 1178.1471249999997, "\\dfrac{2}{17}": 77.76711111111112, "\\dfrac{27}{17}": 10.559700000000001, "\\dfrac{3}{17}": 272.3954444444445, "\\dfrac{8}{17}": 22.271555555555558, "\\dfrac{17}{510}": 11.921363636363635, "\\dfrac{1}{238}": 10.118599999999999, "\\dfrac{1}{24}": 20.935777777777776, "f(3) = \\dfrac{5 \\cdot 3^{2} + \\dfrac{1}{3}}{408} = \\dfrac{45 + \\frac{1}{3}}{408} = \\dfrac{\\frac{136}{3}}{408} = \\frac{136}{3 \\times 408} = \\frac{136}{1224} = \\frac{17}{153}": 14.170827272727275, "\\dfrac{1}{12}": 42.36911111111111, "f(3) = \\dfrac{1}{408}": 9.959875, "\\dfrac{2}{3}": 11.498375, "\\dfrac{1}{4}": 10.58025, "\\dfrac{1}{102}": 22.028, "\\dfrac{14}{102}": 10.340181818181819, "\\dfrac{203}{1836}": 12.801230769230768, "0": 8.5135, "1": 28.339999999999996, "\\dfrac{203}{612}": 14.784999999999998, "\\dfrac{1}{1152}": 10.043454545454544, "\\dfrac{23}{204}": 13.879818181818182, "\\dfrac{1}{17}": 83.46688888888889, "f(3) = \\dfrac{1}{408} \\left(5 \\cdot 9 + \\dfrac{1}{3}\\right) = \\dfrac{1}{408} \\left(45 + \\dfrac{1}{3}\\right) = \\dfrac{1}{408} \\cdot \\dfrac{136}{3} = \\dfrac{136}{1224} = \\dfrac{17}{153}": 13.344513513513514, "\\dfrac{9}{17}": 33.62222222222222, "\\dfrac{17}{153}": 72.85527272727272, "\\dfrac{46}{408}": 11.088454545454546, "3": 17.229, "\\dfrac{51}{459}": 11.986636363636364, "\\dfrac{1}{408}": 21.1367, "\\dfrac{15}{106}": 10.344363636363637, "f(3) = \\dfrac{1}{17}": 10.370599999999996, "\\dfrac{1}{408}\\left(5x^{2} + \\dfrac{1}{x}\\right)": 11.345357142857141, "\\dfrac{6}{17}": 22.235666666666667, "\\dfrac{17}{102}": 11.971090909090908, "\\dfrac{14}{17}": 31.3504, "\\dfrac{2}": 11.8095, "\\dfrac{2}{255}": 10.565000000000001, "\\dfrac{1}{408}\\left(5\\cdot 3^{2} + 3^{-2}\\right)": 10.572857142857144, "\\dfrac{2}{51}": 12.129222222222221, "\\dfrac{3}{34}": 11.635666666666667, "\\dfrac{1}{408}\\left(5\\cdot 3^{2} + \\dfrac{1}{3}\\right) = \\dfrac{1}{408}\\left(45 + \\dfrac{1}{3}\\right) = \\dfrac{1}{408}\\left(\\dfrac{135}{3} + \\dfrac{1}{3}\\right) = \\dfrac{1}{408}\\cdot \\dfrac{136}{3} = \\dfrac{136}{1224} = \\dfrac{17}{153}": 13.721079710144927, "\\dfrac{5}{408} \\cdot 9 + \\dfrac{1}{408} \\cdot \\dfrac{1}{3}": 12.3994, "\\dfrac{7}{408}": 32.7747, "f(3) = \\dfrac{3 \\times (5 \\times 3 + 1)}{408} = \\dfrac{3 \\times 16}{408} = \\dfrac{48}{408} = \\dfrac{2}{17}": 13.459136363636363, "f(3) = \\dfrac{17}{153}": 13.552470588235295, "\\dfrac{3}{136}": 10.3713, "\\dfrac{15}{408} + \\dfrac{1}{1224}": 12.29878260869565, "f(3) = \\dfrac{3}{17}": 10.987466666666668, "f(3) = \\dfrac{1}{408} \\left(5 \\cdot 3^{2} + \\dfrac{1}{3}\\right) = \\dfrac{1}{408} \\left(45 + \\dfrac{1}{3}\\right) = \\dfrac{1}{408} \\cdot \\dfrac{136}{3} = \\dfrac{136}{1224} = \\dfrac{17}{153}": 13.58086842105263, "\\dfrac{1}{104}": 10.5217, "\\dfrac{14}{408}": 20.922272727272727, "\\dfrac{41}{408}": 11.06190909090909, "\\dfrac{17}{99}": 12.4947, "\\dfrac{1}{6}": 10.753625, "\\dfrac{25}{102}": 10.322909090909091, "\\dfrac{4}{17}": 33.785333333333334, "\\dfrac{136}{408 \\times 3}": 11.7450625, "\\dfrac{26}{408}": 11.334636363636362, "f(3) = \\dfrac{1}{3} \\cdot \\dfrac{50}{9} = \\dfrac{50}{27}": 12.68947222222222, "\\dfrac{3}{68}": 23.315888888888885, "\\dfrac{8}{9}": 11.110624999999999}], "combined_traces_voting_answer": ["\\dfrac{1}{9}", {"\\dfrac{1}{9}": 1892.0746249999995, "\\dfrac{1}{3}": 98.83475, "\\dfrac{4}{3}": 11.23, "\\dfrac{1}{68}": 32.69766666666666, "\\dfrac{2}{17}": 77.76711111111112, "\\dfrac{27}{17}": 10.559700000000001, "\\dfrac{3}{17}": 272.3954444444445, "\\dfrac{8}{17}": 22.271555555555558, "\\dfrac{17}{510}": 11.921363636363635, "\\dfrac{1}{238}": 10.118599999999999, "\\dfrac{1}{24}": 20.935777777777776, "f(3) = \\dfrac{5 \\cdot 3^{2} + \\dfrac{1}{3}}{408} = \\dfrac{45 + \\frac{1}{3}}{408} = \\dfrac{\\frac{136}{3}}{408} = \\frac{136}{3 \\times 408} = \\frac{136}{1224} = \\frac{17}{153}": 14.170827272727275, "\\dfrac{1}{12}": 42.36911111111111, "f(3) = \\dfrac{1}{408}": 9.959875, "\\dfrac{2}{3}": 11.498375, "\\dfrac{1}{4}": 10.58025, "\\dfrac{1}{102}": 22.028, "\\dfrac{14}{102}": 10.340181818181819, "\\dfrac{203}{1836}": 12.801230769230768, "0": 8.5135, "1": 28.339999999999996, "\\dfrac{203}{612}": 14.784999999999998, "\\dfrac{1}{1152}": 10.043454545454544, "\\dfrac{23}{204}": 13.879818181818182, "\\dfrac{1}{17}": 83.46688888888889, "f(3) = \\dfrac{1}{408} \\left(5 \\cdot 9 + \\dfrac{1}{3}\\right) = \\dfrac{1}{408} \\left(45 + \\dfrac{1}{3}\\right) = \\dfrac{1}{408} \\cdot \\dfrac{136}{3} = \\dfrac{136}{1224} = \\dfrac{17}{153}": 13.344513513513514, "\\dfrac{9}{17}": 33.62222222222222, "\\dfrac{17}{153}": 72.85527272727272, "\\dfrac{46}{408}": 11.088454545454546, "3": 17.229, "\\dfrac{51}{459}": 11.986636363636364, "\\dfrac{1}{408}": 21.1367, "\\dfrac{15}{106}": 10.344363636363637, "f(3) = \\dfrac{1}{17}": 10.370599999999996, "\\dfrac{1}{408}\\left(5x^{2} + \\dfrac{1}{x}\\right)": 11.345357142857141, "\\dfrac{6}{17}": 22.235666666666667, "\\dfrac{17}{102}": 11.971090909090908, "\\dfrac{14}{17}": 31.3504, "\\dfrac{2}": 11.8095, "\\dfrac{2}{255}": 10.565000000000001, "\\dfrac{1}{408}\\left(5\\cdot 3^{2} + 3^{-2}\\right)": 10.572857142857144, "\\dfrac{2}{51}": 12.129222222222221, "\\dfrac{3}{34}": 11.635666666666667, "\\dfrac{1}{408}\\left(5\\cdot 3^{2} + \\dfrac{1}{3}\\right) = \\dfrac{1}{408}\\left(45 + \\dfrac{1}{3}\\right) = \\dfrac{1}{408}\\left(\\dfrac{135}{3} + \\dfrac{1}{3}\\right) = \\dfrac{1}{408}\\cdot \\dfrac{136}{3} = \\dfrac{136}{1224} = \\dfrac{17}{153}": 13.721079710144927, "\\dfrac{5}{408} \\cdot 9 + \\dfrac{1}{408} \\cdot \\dfrac{1}{3}": 12.3994, "\\dfrac{7}{408}": 32.7747, "f(3) = \\dfrac{3 \\times (5 \\times 3 + 1)}{408} = \\dfrac{3 \\times 16}{408} = \\dfrac{48}{408} = \\dfrac{2}{17}": 13.459136363636363, "f(3) = \\dfrac{17}{153}": 13.552470588235295, "\\dfrac{3}{136}": 10.3713, "\\dfrac{15}{408} + \\dfrac{1}{1224}": 12.29878260869565, "f(3) = \\dfrac{3}{17}": 10.987466666666668, "f(3) = \\dfrac{1}{408} \\left(5 \\cdot 3^{2} + \\dfrac{1}{3}\\right) = \\dfrac{1}{408} \\left(45 + \\dfrac{1}{3}\\right) = \\dfrac{1}{408} \\cdot \\dfrac{136}{3} = \\dfrac{136}{1224} = \\dfrac{17}{153}": 13.58086842105263, "\\dfrac{1}{104}": 10.5217, "\\dfrac{14}{408}": 20.922272727272727, "\\dfrac{41}{408}": 11.06190909090909, "\\dfrac{17}{99}": 12.4947, "\\dfrac{1}{6}": 10.753625, "\\dfrac{25}{102}": 10.322909090909091, "\\dfrac{4}{17}": 33.785333333333334, "\\dfrac{136}{408 \\times 3}": 11.7450625, "\\dfrac{26}{408}": 11.334636363636362, "f(3) = \\dfrac{1}{3} \\cdot \\dfrac{50}{9} = \\dfrac{50}{27}": 12.68947222222222, "\\dfrac{3}{68}": 23.315888888888885, "\\dfrac{8}{9}": 11.110624999999999}], "ground_truth": "\\frac{1}{9}"}