{"min_conf": {"completed_traces": ["\\dfrac{1}{9}", {"\\dfrac{1}{9}": 576.057}], "truncated_traces": ["\\dfrac{1}{9}", {"\\dfrac{1}{3}": 98.06888888888889, "\\dfrac{4}{3}": 11.121555555555554, "\\dfrac{1}{68}": 32.8476, "\\dfrac{1}{9}": 1171.0908888888887, "\\dfrac{2}{17}": 77.62099999999998, "\\dfrac{27}{17}": 10.582272727272727, "\\dfrac{3}{17}": 272.9563, "\\dfrac{8}{17}": 22.211, "\\dfrac{17}{510}": 11.783083333333332, "\\dfrac{1}{238}": 10.004545454545454, "\\dfrac{1}{24}": 20.7701, "f(3) = \\dfrac{5 \\cdot 3^{2} + \\dfrac{1}{3}}{408} = \\dfrac{45 + \\frac{1}{3}}{408} = \\dfrac{\\frac{136}{3}}{408} = \\frac{136}{3 \\times 408} = \\frac{136}{1224} = \\frac{17}{153}": 14.101513513513519, "\\dfrac{1}{12}": 42.111799999999995, "f(3) = \\dfrac{1}{408}": 9.924823529411764, "\\dfrac{2}{3}": 11.530555555555553, "\\dfrac{1}{4}": 10.473999999999998, "\\dfrac{1}{102}": 21.988272727272726, "\\dfrac{14}{102}": 10.19225, "\\dfrac{203}{1836}": 12.74892857142857, "0": 9.415750000000001, "1": 28.27525, "\\dfrac{203}{612}": 14.707307692307692, "\\dfrac{1}{1152}": 10.134749999999999, "\\dfrac{23}{204}": 13.632083333333334, "\\dfrac{1}{17}": 82.4127, "f(3) = \\dfrac{1}{408} \\left(5 \\cdot 9 + \\dfrac{1}{3}\\right) = \\dfrac{1}{408} \\left(45 + \\dfrac{1}{3}\\right) = \\dfrac{1}{408} \\cdot \\dfrac{136}{3} = \\dfrac{136}{1224} = \\dfrac{17}{153}": 14.660399339933988, "\\dfrac{9}{17}": 33.804899999999996, "\\dfrac{17}{153}": 70.20758007632926, "\\dfrac{46}{408}": 10.91675, "3": 18.55025, "\\dfrac{51}{459}": 11.629750000000001, "\\dfrac{1}{408}": 21.15145454545455, "\\dfrac{15}{106}": 10.247833333333332, "f(3) = \\dfrac{1}{17}": 10.221499999999999, "\\dfrac{1}{408}\\left(5x^{2} + \\dfrac{1}{x}\\right)": 11.20303448275862, "\\dfrac{6}{17}": 22.1431, "\\dfrac{17}{102}": 11.846916666666665, "\\dfrac{14}{17}": 31.33118181818182, "\\dfrac{2}": 11.113857142857142, "\\dfrac{2}{255}": 10.60609090909091, "\\dfrac{1}{408}\\left(5\\cdot 3^{2} + 3^{-2}\\right)": 10.457517241379309, "\\dfrac{2}{51}": 11.985800000000001, "\\dfrac{3}{34}": 11.532300000000001, "\\dfrac{1}{408}\\left(5\\cdot 3^{2} + \\dfrac{1}{3}\\right) = \\dfrac{1}{408}\\left(45 + \\dfrac{1}{3}\\right) = \\dfrac{1}{408}\\left(\\dfrac{135}{3} + \\dfrac{1}{3}\\right) = \\dfrac{1}{408}\\cdot \\dfrac{136}{3} = \\dfrac{136}{1224} = \\dfrac{17}{153}": 13.662244604316541, "\\dfrac{5}{408} \\cdot 9 + \\dfrac{1}{408} \\cdot \\dfrac{1}{3}": 12.212833333333334, "\\dfrac{7}{408}": 32.83381818181819, "f(3) = \\dfrac{3 \\times (5 \\times 3 + 1)}{408} = \\dfrac{3 \\times 16}{408} = \\dfrac{48}{408} = \\dfrac{2}{17}": 13.383731343283584, "f(3) = \\dfrac{17}{153}": 13.312242268041231, "\\dfrac{3}{136}": 10.407545454545454, "\\dfrac{15}{408} + \\dfrac{1}{1224}": 12.094875, "f(3) = \\dfrac{3}{17}": 10.847000000000001, "f(3) = \\dfrac{1}{408} \\left(5 \\cdot 3^{2} + \\dfrac{1}{3}\\right) = \\dfrac{1}{408} \\left(45 + \\dfrac{1}{3}\\right) = \\dfrac{1}{408} \\cdot \\dfrac{136}{3} = \\dfrac{136}{1224} = \\dfrac{17}{153}": 13.523191304347824, "\\dfrac{1}{104}": 10.526818181818182, "\\dfrac{14}{408}": 20.395833333333336, "\\dfrac{41}{408}": 11.067333333333332, "\\dfrac{17}{99}": 12.296636363636361, "\\dfrac{1}{6}": 10.661444444444445, "\\dfrac{25}{102}": 10.357583333333332, "\\dfrac{4}{17}": 33.695699999999995, "\\dfrac{136}{408 \\times 3}": 15.252810000000002, "\\dfrac{26}{408}": 11.050333333333333, "f(3) = \\dfrac{1}{3} \\cdot \\dfrac{50}{9} = \\dfrac{50}{27}": 11.38588, "\\dfrac{3}{68}": 23.2838, "\\dfrac{8}{9}": 11.086}], "combined_traces": ["\\dfrac{1}{9}", {"\\dfrac{1}{9}": 1747.1478888888887, "\\dfrac{1}{3}": 98.06888888888889, "\\dfrac{4}{3}": 11.121555555555554, "\\dfrac{1}{68}": 32.8476, "\\dfrac{2}{17}": 77.62099999999998, "\\dfrac{27}{17}": 10.582272727272727, "\\dfrac{3}{17}": 272.9563, "\\dfrac{8}{17}": 22.211, "\\dfrac{17}{510}": 11.783083333333332, "\\dfrac{1}{238}": 10.004545454545454, "\\dfrac{1}{24}": 20.7701, "f(3) = \\dfrac{5 \\cdot 3^{2} + \\dfrac{1}{3}}{408} = \\dfrac{45 + \\frac{1}{3}}{408} = \\dfrac{\\frac{136}{3}}{408} = \\frac{136}{3 \\times 408} = \\frac{136}{1224} = \\frac{17}{153}": 14.101513513513519, "\\dfrac{1}{12}": 42.111799999999995, "f(3) = \\dfrac{1}{408}": 9.924823529411764, "\\dfrac{2}{3}": 11.530555555555553, "\\dfrac{1}{4}": 10.473999999999998, "\\dfrac{1}{102}": 21.988272727272726, "\\dfrac{14}{102}": 10.19225, "\\dfrac{203}{1836}": 12.74892857142857, "0": 9.415750000000001, "1": 28.27525, "\\dfrac{203}{612}": 14.707307692307692, "\\dfrac{1}{1152}": 10.134749999999999, "\\dfrac{23}{204}": 13.632083333333334, "\\dfrac{1}{17}": 82.4127, "f(3) = \\dfrac{1}{408} \\left(5 \\cdot 9 + \\dfrac{1}{3}\\right) = \\dfrac{1}{408} \\left(45 + \\dfrac{1}{3}\\right) = \\dfrac{1}{408} \\cdot \\dfrac{136}{3} = \\dfrac{136}{1224} = \\dfrac{17}{153}": 14.660399339933988, "\\dfrac{9}{17}": 33.804899999999996, "\\dfrac{17}{153}": 70.20758007632926, "\\dfrac{46}{408}": 10.91675, "3": 18.55025, "\\dfrac{51}{459}": 11.629750000000001, "\\dfrac{1}{408}": 21.15145454545455, "\\dfrac{15}{106}": 10.247833333333332, "f(3) = \\dfrac{1}{17}": 10.221499999999999, "\\dfrac{1}{408}\\left(5x^{2} + \\dfrac{1}{x}\\right)": 11.20303448275862, "\\dfrac{6}{17}": 22.1431, "\\dfrac{17}{102}": 11.846916666666665, "\\dfrac{14}{17}": 31.33118181818182, "\\dfrac{2}": 11.113857142857142, "\\dfrac{2}{255}": 10.60609090909091, "\\dfrac{1}{408}\\left(5\\cdot 3^{2} + 3^{-2}\\right)": 10.457517241379309, "\\dfrac{2}{51}": 11.985800000000001, "\\dfrac{3}{34}": 11.532300000000001, "\\dfrac{1}{408}\\left(5\\cdot 3^{2} + \\dfrac{1}{3}\\right) = \\dfrac{1}{408}\\left(45 + \\dfrac{1}{3}\\right) = \\dfrac{1}{408}\\left(\\dfrac{135}{3} + \\dfrac{1}{3}\\right) = \\dfrac{1}{408}\\cdot \\dfrac{136}{3} = \\dfrac{136}{1224} = \\dfrac{17}{153}": 13.662244604316541, "\\dfrac{5}{408} \\cdot 9 + \\dfrac{1}{408} \\cdot \\dfrac{1}{3}": 12.212833333333334, "\\dfrac{7}{408}": 32.83381818181819, "f(3) = \\dfrac{3 \\times (5 \\times 3 + 1)}{408} = \\dfrac{3 \\times 16}{408} = \\dfrac{48}{408} = \\dfrac{2}{17}": 13.383731343283584, "f(3) = \\dfrac{17}{153}": 13.312242268041231, "\\dfrac{3}{136}": 10.407545454545454, "\\dfrac{15}{408} + \\dfrac{1}{1224}": 12.094875, "f(3) = \\dfrac{3}{17}": 10.847000000000001, "f(3) = \\dfrac{1}{408} \\left(5 \\cdot 3^{2} + \\dfrac{1}{3}\\right) = \\dfrac{1}{408} \\left(45 + \\dfrac{1}{3}\\right) = \\dfrac{1}{408} \\cdot \\dfrac{136}{3} = \\dfrac{136}{1224} = \\dfrac{17}{153}": 13.523191304347824, "\\dfrac{1}{104}": 10.526818181818182, "\\dfrac{14}{408}": 20.395833333333336, "\\dfrac{41}{408}": 11.067333333333332, "\\dfrac{17}{99}": 12.296636363636361, "\\dfrac{1}{6}": 10.661444444444445, "\\dfrac{25}{102}": 10.357583333333332, "\\dfrac{4}{17}": 33.695699999999995, "\\dfrac{136}{408 \\times 3}": 15.252810000000002, "\\dfrac{26}{408}": 11.050333333333333, "f(3) = \\dfrac{1}{3} \\cdot \\dfrac{50}{9} = \\dfrac{50}{27}": 11.38588, "\\dfrac{3}{68}": 23.2838, "\\dfrac{8}{9}": 11.086}]}, "max_conf": {"completed_traces": ["\\dfrac{1}{9}", {"\\dfrac{1}{9}": 836.754}], "truncated_traces": ["\\dfrac{1}{9}", {"\\dfrac{1}{3}": 183.75700000000003, "\\dfrac{4}{3}": 20.469, "\\dfrac{1}{68}": 60.303, "\\dfrac{1}{9}": 1669.2119999999998, "\\dfrac{2}{17}": 142.629, "\\dfrac{27}{17}": 20.225, "\\dfrac{3}{17}": 488.05499999999995, "\\dfrac{8}{17}": 40.216, "\\dfrac{17}{510}": 19.575, "\\dfrac{1}{238}": 20.769, "\\dfrac{1}{24}": 41.438, "f(3) = \\dfrac{5 \\cdot 3^{2} + \\dfrac{1}{3}}{408} = \\dfrac{45 + \\frac{1}{3}}{408} = \\dfrac{\\frac{136}{3}}{408} = \\frac{136}{3 \\times 408} = \\frac{136}{1224} = \\frac{17}{153}": 21.859, "\\dfrac{1}{12}": 80.78099999999999, "f(3) = \\dfrac{1}{408}": 20.206, "\\dfrac{2}{3}": 20.55, "\\dfrac{1}{4}": 20.434, "\\dfrac{1}{102}": 41.175, "\\dfrac{14}{102}": 20.95, "\\dfrac{203}{1836}": 19.797, "0": 11.512, "1": 34.433, "\\dfrac{203}{612}": 21.288, "\\dfrac{1}{1152}": 20.938, "\\dfrac{23}{204}": 21.228,