{"completed_traces_voting_answer": ["\\dfrac{1}{9}", {"\\dfrac{1}{9}": 836.754}], "truncated_traces_voting_answer": ["\\dfrac{1}{9}", {"\\dfrac{1}{3}": 183.75700000000003, "\\dfrac{4}{3}": 20.469, "\\dfrac{1}{68}": 60.303, "\\dfrac{1}{9}": 1669.2119999999998, "\\dfrac{2}{17}": 142.629, "\\dfrac{27}{17}": 20.225, "\\dfrac{3}{17}": 488.05499999999995, "\\dfrac{8}{17}": 40.216, "\\dfrac{17}{510}": 19.575, "\\dfrac{1}{238}": 20.769, "\\dfrac{1}{24}": 41.438, "f(3) = \\dfrac{5 \\cdot 3^{2} + \\dfrac{1}{3}}{408} = \\dfrac{45 + \\frac{1}{3}}{408} = \\dfrac{\\frac{136}{3}}{408} = \\frac{136}{3 \\times 408} = \\frac{136}{1224} = \\frac{17}{153}": 21.859, "\\dfrac{1}{12}": 80.78099999999999, "f(3) = \\dfrac{1}{408}": 20.206, "\\dfrac{2}{3}": 20.55, "\\dfrac{1}{4}": 20.434, "\\dfrac{1}{102}": 41.175, "\\dfrac{14}{102}": 20.95, "\\dfrac{203}{1836}": 19.797, "0": 11.512, "1": 34.433, "\\dfrac{203}{612}": 21.288, "\\dfrac{1}{1152}": 20.938, "\\dfrac{23}{204}": 21.228, "\\dfrac{1}{17}": 160.905, "f(3) = \\dfrac{1}{408} \\left(5 \\cdot 9 + \\dfrac{1}{3}\\right) = \\dfrac{1}{408} \\left(45 + \\dfrac{1}{3}\\right) = \\dfrac{1}{408} \\cdot \\dfrac{136}{3} = \\dfrac{136}{1224} = \\dfrac{17}{153}": 21.681, "\\dfrac{9}{17}": 60.751000000000005, "\\dfrac{17}{153}": 102.138, "\\dfrac{46}{408}": 19.912, "3": 22.017000000000003, "\\dfrac{51}{459}": 20.872, "\\dfrac{1}{408}": 40.026, "\\dfrac{15}{106}": 20.441, "f(3) = \\dfrac{1}{17}": 21.425, "\\dfrac{1}{408}\\left(5x^{2} + \\dfrac{1}{x}\\right)": 21.288, "\\dfrac{6}{17}": 40.619, "\\dfrac{17}{102}": 20.041, "\\dfrac{14}{17}": 61.913, "\\dfrac{2}": 19.716, "\\dfrac{2}{255}": 19.809, "\\dfrac{1}{408}\\left(5\\cdot 3^{2} + 3^{-2}\\right)": 20.394, "\\dfrac{2}{51}": 20.084, "\\dfrac{3}{34}": 20.262, "\\dfrac{1}{408}\\left(5\\cdot 3^{2} + \\dfrac{1}{3}\\right) = \\dfrac{1}{408}\\left(45 + \\dfrac{1}{3}\\right) = \\dfrac{1}{408}\\left(\\dfrac{135}{3} + \\dfrac{1}{3}\\right) = \\dfrac{1}{408}\\cdot \\dfrac{136}{3} = \\dfrac{136}{1224} = \\dfrac{17}{153}": 21.1, "\\dfrac{5}{408} \\cdot 9 + \\dfrac{1}{408} \\cdot \\dfrac{1}{3}": 20.894, "\\dfrac{7}{408}": 60.972, "f(3) = \\dfrac{3 \\times (5 \\times 3 + 1)}{408} = \\dfrac{3 \\times 16}{408} = \\dfrac{48}{408} = \\dfrac{2}{17}": 19.425, "f(3) = \\dfrac{17}{153}": 17.375, "\\dfrac{3}{136}": 19.841, "\\dfrac{15}{408} + \\dfrac{1}{1224}": 21.012, "f(3) = \\dfrac{3}{17}": 20.416, "f(3) = \\dfrac{1}{408} \\left(5 \\cdot 3^{2} + \\dfrac{1}{3}\\right) = \\dfrac{1}{408} \\left(45 + \\dfrac{1}{3}\\right) = \\dfrac{1}{408} \\cdot \\dfrac{136}{3} = \\dfrac{136}{1224} = \\dfrac{17}{153}": 20.212, "\\dfrac{1}{104}": 20.738, "\\dfrac{14}{408}": 40.972, "\\dfrac{41}{408}": 20.3, "\\dfrac{17}{99}": 20.741, "\\dfrac{1}{6}": 20.075, "\\dfrac{25}{102}": 20.319, "\\dfrac{4}{17}": 61.181, "\\dfrac{136}{408 \\times 3}": 19.956, "\\dfrac{26}{408}": 19.894, "f(3) = \\dfrac{1}{3} \\cdot \\dfrac{50}{9} = \\dfrac{50}{27}": 17.559, "\\dfrac{3}{68}": 40.584, "\\dfrac{8}{9}": 20.475}], "combined_traces_voting_answer": ["\\dfrac{1}{9}", {"\\dfrac{1}{9}": 2505.965999999999, "\\dfrac{1}{3}": 183.75700000000003, "\\dfrac{4}{3}": 20.469, "\\dfrac{1}{68}": 60.303, "\\dfrac{2}{17}": 142.629, "\\dfrac{27}{17}": 20.225, "\\dfrac{3}{17}": 488.05499999999995, "\\dfrac{8}{17}": 40.216, "\\dfrac{17}{510}": 19.575, "\\dfrac{1}{238}": 20.769, "\\dfrac{1}{24}": 41.438, "f(3) = \\dfrac{5 \\cdot 3^{2} + \\dfrac{1}{3}}{408} = \\dfrac{45 + \\frac{1}{3}}{408} = \\dfrac{\\frac{136}{3}}{408} = \\frac{136}{3 \\times 408} = \\frac{136}{1224} = \\frac{17}{153}": 21.859, "\\dfrac{1}{12}": 80.78099999999999, "f(3) = \\dfrac{1}{408}": 20.206, "\\dfrac{2}{3}": 20.55, "\\dfrac{1}{4}": 20.434, "\\dfrac{1}{102}": 41.175, "\\dfrac{14}{102}": 20.95, "\\dfrac{203}{1836}": 19.797, "0": 11.512, "1": 34.433, "\\dfrac{203}{612}": 21.288, "\\dfrac{1}{1152}": 20.938, "\\dfrac{23}{204}": 21.228, "\\dfrac{1}{17}": 160.905, "f(3) = \\dfrac{1}{408} \\left(5 \\cdot 9 + \\dfrac{1}{3}\\right) = \\dfrac{1}{408} \\left(45 + \\dfrac{1}{3}\\right) = \\dfrac{1}{408} \\cdot \\dfrac{136}{3} = \\dfrac{136}{1224} = \\dfrac{17}{153}": 21.681, "\\dfrac{9}{17}": 60.751000000000005, "\\dfrac{17}{153}": 102.138, "\\dfrac{46}{408}": 19.912, "3": 22.017000000000003, "\\dfrac{51}{459}": 20.872, "\\dfrac{1}{408}": 40.026, "\\dfrac{15}{106}": 20.441, "f(3) = \\dfrac{1}{17}": 21.425, "\\dfrac{1}{408}\\left(5x^{2} + \\dfrac{1}{x}\\right)": 21.288, "\\dfrac{6}{17}": 40.619, "\\dfrac{17}{102}": 20.041, "\\dfrac{14}{17}": 61.913, "\\dfrac{2}": 19.716, "\\dfrac{2}{255}": 19.809, "\\dfrac{1}{408}\\left(5\\cdot 3^{2} + 3^{-2}\\right)": 20.394, "\\dfrac{2}{51}": 20.084, "\\dfrac{3}{34}": 20.262, "\\dfrac{1}{408}\\left(5\\cdot 3^{2} + \\dfrac{1}{3}\\right) = \\dfrac{1}{408}\\left(45 + \\dfrac{1}{3}\\right) = \\dfrac{1}{408}\\left(\\dfrac{135}{3} + \\dfrac{1}{3}\\right) = \\dfrac{1}{408}\\cdot \\dfrac{136}{3} = \\dfrac{136}{1224} = \\dfrac{17}{153}": 21.1, "\\dfrac{5}{408} \\cdot 9 + \\dfrac{1}{408} \\cdot \\dfrac{1}{3}": 20.894, "\\dfrac{7}{408}": 60.972, "f(3) = \\dfrac{3 \\times (5 \\times 3 + 1)}{408} = \\dfrac{3 \\times 16}{408} = \\dfrac{48}{408} = \\dfrac{2}{17}": 19.425, "f(3) = \\dfrac{17}{153}": 17.375, "\\dfrac{3}{136}": 19.841, "\\dfrac{15}{408} + \\dfrac{1}{1224}": 21.012, "f(3) = \\dfrac{3}{17}": 20.416, "f(3) = \\dfrac{1}{408} \\left(5 \\cdot 3^{2} + \\dfrac{1}{3}\\right) = \\dfrac{1}{408} \\left(45 + \\dfrac{1}{3}\\right) = \\dfrac{1}{408} \\cdot \\dfrac{136}{3} = \\dfrac{136}{1224} = \\dfrac{17}{153}": 20.212, "\\dfrac{1}{104}": 20.738, "\\dfrac{14}{408}": 40.972, "\\dfrac{41}{408}": 20.3, "\\dfrac{17}{99}": 20.741, "\\dfrac{1}{6}": 20.075, "\\dfrac{25}{102}": 20.319, "\\dfrac{4}{17}": 61.181, "\\dfrac{136}{408 \\times 3}": 19.956, "\\dfrac{26}{408}": 19.894, "f(3) = \\dfrac{1}{3} \\cdot \\dfrac{50}{9} = \\dfrac{50}{27}": 17.559, "\\dfrac{3}{68}": 40.584, "\\dfrac{8}{9}": 20.475}], "ground_truth": "\\frac{1}{9}"}