{"min_conf": {"completed_traces": ["7", {"7": 46.728}], "truncated_traces": ["7", {"\\dfrac{1}{7}": 74.246, "\\dfrac{\\sqrt{319}}{2}": 9.603785714285715, "\\dfrac{\\sqrt{1903}}{13}": 9.505437500000001, "\\dfrac{49}{\\sqrt{1}}": 10.445142857142857, "\\dfrac{\\sqrt{2017}}{2}": 20.445733333333337, "\\dfrac{\\sqrt{3}}{2}": 20.154083333333332, "\\dfrac{\\sqrt{49}}{49}": 10.514000000000001, "\\dfrac{\\sqrt{311}}{2}": 20.674642857142857, "\\dfrac{2}{\\sqrt{3}}": 50.726666666666674, "\\dfrac{2^{16}}{2^{15}-1}": 10.335166666666668, "\\dfrac{\\sqrt{49}}{\\sqrt{1}}": 31.491170833333335, "\\dfrac{1}{49}": 22.9095, "\\dfrac{\\sqrt{2}}{2}": 10.008083333333333, "\\dfrac{7}{\\sqrt{3}}": 10.384166666666667, "\\dfrac{17}{4}": 10.0126, "\\dfrac{\\sqrt{171}}{13}": 9.539866666666665, "\\dfrac{1}{\\sqrt{15}}": 8.57853846153846, "7": 80.44149999999999, "\\dfrac{\\sqrt{49}}{\\sqrt{3}}": 10.112933333333332, "\\dfrac{\\sqrt{3}}{16384}": 9.726750000000001, "\\dfrac{\\sqrt{2}}{\\sqrt{3}}": 9.59457142857143, "\\dfrac{1}{16}": 11.8827, "\\dfrac{\\sqrt{16}}{\\sqrt{1}}": 9.864066666666666, "\\dfrac{\\sqrt{119}}{11}": 9.487866666666667, "\\dfrac{\\sqrt{49}}{\\sqrt{48}}": 9.634562500000001, "\\dfrac{\\sqrt{33}}{2}": 10.170384615384616, "\\dfrac{\\sqrt{16}}{\\sqrt{13}}": 8.786117647058823, "\\dfrac{\\sqrt{105}}{16}": 9.530333333333333, "\\dfrac{2}{\\sqrt{7}}": 9.798250000000001, "\\dfrac{\\sqrt{199}}{10}": 9.698199999999998, "\\dfrac{\\sqrt{163}}{12}": 9.7826, "\\dfrac{2}{\\sqrt{17}}": 9.584, "16": 9.065000000000001, "\\dfrac{2^{16}}{2^{15} \\sqrt{1} + 2^{15} \\sqrt{4} + \\cdots + 2^{15} \\sqrt{16}}": 9.49106, "\\dfrac{\\sqrt{301}}{2}": 20.610071428571423, "\\dfrac{2^{17}-1}{2^{16}}": 11.887235294117646, "\\dfrac{2^{16}-1}{2^{15}}": 10.196470588235297, "\\dfrac{2}{\\sqrt{13}}": 9.955384615384615, "\\dfrac{\\sqrt{17}}{17}": 9.861428571428572, "\\dfrac{\\sqrt{311}}{31}": 9.792533333333335, "\\dfrac{1}{\\sqrt{49}}": 12.79476923076923}], "combined_traces": ["7", {"7": 127.1695, "\\dfrac{1}{7}": 74.246, "\\dfrac{\\sqrt{319}}{2}": 9.603785714285715, "\\dfrac{\\sqrt{1903}}{13}": 9.505437500000001, "\\dfrac{49}{\\sqrt{1}}": 10.445142857142857, "\\dfrac{\\sqrt{2017}}{2}": 20.445733333333337, "\\dfrac{\\sqrt{3}}{2}": 20.154083333333332, "\\dfrac{\\sqrt{49}}{49}": 10.514000000000001, "\\dfrac{\\sqrt{311}}{2}": 20.674642857142857, "\\dfrac{2}{\\sqrt{3}}": 50.726666666666674, "\\dfrac{2^{16}}{2^{15}-1}": 10.335166666666668, "\\dfrac{\\sqrt{49}}{\\sqrt{1}}": 31.491170833333335, "\\dfrac{1}{49}": 22.9095, "\\dfrac{\\sqrt{2}}{2}": 10.008083333333333, "\\dfrac{7}{\\sqrt{3}}": 10.384166666666667, "\\dfrac{17}{4}": 10.0126, "\\dfrac{\\sqrt{171}}{13}": 9.539866666666665, "\\dfrac{1}{\\sqrt{15}}": 8.57853846153846, "\\dfrac{\\sqrt{49}}{\\sqrt{3}}": 10.112933333333332, "\\dfrac{\\sqrt{3}}{16384}": 9.726750000000001, "\\dfrac{\\sqrt{2}}{\\sqrt{3}}": 9.59457142857143, "\\dfrac{1}{16}": 11.8827, "\\dfrac{\\sqrt{16}}{\\sqrt{1}}": 9.864066666666666, "\\dfrac{\\sqrt{119}}{11}": 9.487866666666667, "\\dfrac{\\sqrt{49}}{\\sqrt{48}}": 9.634562500000001, "\\dfrac{\\sqrt{33}}{2}": 10.170384615384616, "\\dfrac{\\sqrt{16}}{\\sqrt{13}}": 8.786117647058823, "\\dfrac{\\sqrt{105}}{16}": 9.530333333333333, "\\dfrac{2}{\\sqrt{7}}": 9.798250000000001, "\\dfrac{\\sqrt{199}}{10}": 9.698199999999998, "\\dfrac{\\sqrt{163}}{12}": 9.7826, "\\dfrac{2}{\\sqrt{17}}": 9.584, "16": 9.065000000000001, "\\dfrac{2^{16}}{2^{15} \\sqrt{1} + 2^{15} \\sqrt{4} + \\cdots + 2^{15} \\sqrt{16}}": 9.49106, "\\dfrac{\\sqrt{301}}{2}": 20.610071428571423, "\\dfrac{2^{17}-1}{2^{16}}": 11.887235294117646, "\\dfrac{2^{16}-1}{2^{15}}": 10.196470588235297, "\\dfrac{2}{\\sqrt{13}}": 9.955384615384615, "\\dfrac{\\sqrt{17}}{17}": 9.861428571428572, "\\dfrac{\\sqrt{311}}{31}": 9.792533333333335, "\\dfrac{1}{\\sqrt{49}}": 12.79476923076923}]}, "max_conf": {"completed_traces": ["7", {"7": 46.728}], "truncated_traces": ["\\dfrac{1}{7}", {"\\dfrac{1}{7}": 124.64099999999999, "\\dfrac{\\sqrt{319}}{2}": 17.181, "\\dfrac{\\sqrt{1903}}{13}": 18.678, "\\dfrac{49}{\\sqrt{1}}": 18.625, "\\dfrac{\\sqrt{2017}}{2}": 37.084, "\\dfrac{\\sqrt{3}}{2}": 32.653, "\\dfrac{\\sqrt{49}}{49}": 20.066, "\\dfrac{\\sqrt{311}}{2}": 36.554, "\\dfrac{2}{\\sqrt{3}}": 82.946, "\\dfrac{2^{16}}{2^{15}-1}": 16.569, "\\dfrac{\\sqrt{49}}{\\sqrt{1}}": 56.113, "\\dfrac{1}{49}": 37.834, "\\dfrac{\\sqrt{2}}{2}": 18.134, "\\dfrac{7}{\\sqrt{3}}": 18.872, "\\dfrac{17}{4}": 17.872, "\\dfrac{\\sqrt{171}}{13}": 18.55, "\\dfrac{1}{\\sqrt{15}}": 17.222, "7": 80.347, "\\dfrac{\\sqrt{49}}{\\sqrt{3}}": 18.234, "\\dfrac{\\sqrt{3}}{16384}": 16.4, "\\dfrac{\\sqrt{2}}{\\sqrt{3}}": 17.178, "\\dfrac{1}{16}": 20.709, "\\dfrac{\\sqrt{16}}{\\sqrt{1}}": 17.522, "\\dfrac{\\sqrt{119}}{11}": 18.847, "\\dfrac{\\sqrt{49}}{\\sqrt{48}}": 18.984, "\\dfrac{\\sqrt{33}}{2}": 18.988, "\\dfrac{\\sqrt{16}}{\\sqrt{13}}": 18.334, "\\dfrac{\\sqrt{105}}{16}": 18.347, "\\dfrac{2}{\\sqrt{7}}": 17.725, "\\dfrac{\\sqrt{199}}{10}": 18.525, "\\dfrac{\\sqrt{163}}{12}": 19.112, "\\dfrac{2}{\\sqrt{17}}": 19.078, "16": 7.681, "\\dfrac{2^{16}}{2^{15} \\sqrt{1} + 2^{15} \\sqrt{4} + \\cdots + 2^{15} \\sqrt{16}}": 16.556, "\\dfrac{\\sqrt{301}}{2}": 37.754000000000005, "\\dfrac{2^{17}-1}{2^{16}}": 18.103, "\\dfrac{2^{16}-1}{2^{15}}": 17.219, "\\dfrac{2}{\\sqrt{13}}": 19.688, "\\dfrac{\\sqrt{17}}{17}": 20.05, "\\dfrac{\\sqrt{311}}{31}": 17.994, "\\dfrac{1}{\\sqrt{49}}": 20.844}], "combined_traces": ["7", {"7": 127.075, "\\dfrac{1}{7}": 124.64099999999999, "\\dfrac{\\sqrt{319}}{2}": 17.181, "\\dfrac{\\sqrt{1903}}{13}": 18.678, "\\dfrac{49}{\\sqrt{1}}": 18.625, "\\dfrac{\\sqrt{2017}}{2}": 37.084, "\\dfrac{\\sqrt{3}}{2}": 32.653, "\\dfrac{\\sqrt{49}}{49}": 20.066, "\\dfrac{\\sqrt{311}}{2}": 36.554, "\\dfrac{2}{\\sqrt{3}}": 82.946, "\\dfrac{2^{16}}{2^{15}-1}": 16.569, "\\dfrac{\\sqrt{49}}{\\sqrt{1}}": 56.113, "\\dfrac{1}{49}": 37.834, "\\dfrac{\\sqrt{2}}{2}": 18.134, "\\dfrac{7}{\\sqrt{3}}": 18.872, "\\dfrac{17}{4}": 17.872, "\\dfrac{\\sqrt{171}}{13}": 18.55, "\\dfrac{1}{\\sqrt{15}}": 17.222, "\\dfrac{\\sqrt{49}}{\\sqrt{3}}": 18.234, "\\dfrac{\\sqrt{3}}{16384}": 16.4, "\\dfrac{\\sqrt{2}}{\\sqrt{3}}": 17.178, "\\dfrac{1}{16}": 20.709, "\\dfrac{\\sqrt{16}}{\\sqrt{1}}": 17.522, "\\dfrac{\\sqrt{119}}{11}": 18.847, "\\dfrac{\\sqrt{49}}{\\sqrt{48}}": 18.984, "\\dfrac{\\sqrt{33}}{2}": 18.988, "\\dfrac{\\sqrt{16}}{\\sqrt{13}}": 18.334, "\\dfrac{\\sqrt{105}}{16}": 18.347, "\\dfrac{2}{\\sqrt{7}}": 17.725, "\\dfrac{\\sqrt{199}}{10}": 18.525, "\\dfrac{\\sqrt{163}}{12}": 19.112, "\\dfrac{2}{\\sqrt{17}}": 19.078, "16": 7.681, "\\dfrac{2^{16}}{2^{15} \\sqrt{1} + 2^{15} \\sqrt{4} + \\cdots + 2^{15} \\sqrt{16}}": 16.556, "\\dfrac{\\sqrt{301}}{2}": 37.754000000000005, "\\dfrac{2^{17}-1}{2^{16}}": 18.103, "\\dfrac{2^{16}-1}{2^{15}}": 17.219, "\\dfrac{2}{\\sqrt{13}}": 19.688, "\\dfrac{\\sqrt{17}}{17}": 20.05, "\\dfrac{\\sqrt{311}}{31}": 17.994, "\\dfrac{1}{\\sqrt{49}}": 20.844}]}, "avg_conf": {"completed_traces": ["7", {"7": 46.728}], "truncated_traces": ["7", {"\\dfrac{1}{7}": 73.55642857142857, "\\dfrac{\\sqrt{319}}{2}": 9.397250000000001, "\\dfrac{\\sqrt{1903}}{13}": 9.385714285714288, "\\dfrac{49}{\\sqrt{1}}": 10.97809090909091, "\\dfrac{\\sqrt{2017}}{2}": 20.23384615384615, "\\dfrac{\\sqrt{3}}{2}": 19.9618, "\\dfrac{\\sqrt{49}}{49}": 10.415083333333333, "\\dfrac{\\sqrt{311}}{2}": 20.60325, "\\dfrac{2}{\\sqrt{3}}": 50.4124, "\\dfrac{2^{16}}{2^{15}-1}": 10.360687500000001, "\\dfrac{\\sqrt{49}}{\\sqrt{1}}": 32.17007692307692, "\\dfrac{1}{49}": 21.907874999999997, "\\dfrac{\\sqrt{2}}{2}": 9.9444, "\\dfrac{7}{\\sqrt{3}}": 10.2482, "\\dfrac{17}{4}": 9.63125, "\\dfrac{\\sqrt{171}}{13}": 9.363153846153846, "\\dfrac{1}{\\sqrt{15}}": 8.130818181818183, "7": 80.347, "\\dfrac{\\sqrt{49}}{\\sqrt{3}}": 10.136846153846154, "\\dfrac{\\sqrt{3}}{16384}": 9.58657142857143, "\\dfrac{\\sqrt{2}}{\\sqrt{3}}": 9.461666666666668, "\\dfrac{1}{16}": 11.802375, "\\dfrac{\\sqrt{16}}{\\sqrt{1}}": 9.957923076923075, "\\dfrac{\\sqrt{119}}{11}": 9.316461538461539,