{"min_conf": {"completed_traces": ["1+\\sqrt{3}", {"1+\\sqrt{3}": 293.917, "2\\sqrt{2}": 41.438}], "truncated_traces": ["4", {"1 + \\sqrt{3}": 14.171555555555557, "4": 281.89575, "2": 129.16150000000002, "2\\sqrt{2}": 45.256499999999996, "1+\\sqrt{3}": 65.663625}], "combined_traces": ["1+\\sqrt{3}", {"1+\\sqrt{3}": 359.580625, "2\\sqrt{2}": 86.69449999999999, "1 + \\sqrt{3}": 14.171555555555557, "4": 281.89575, "2": 129.16150000000002}]}, "max_conf": {"completed_traces": ["1+\\sqrt{3}", {"1+\\sqrt{3}": 363.54900000000004, "2\\sqrt{2}": 51.831}], "truncated_traces": ["4", {"1 + \\sqrt{3}": 19.713, "4": 243.27799999999996, "2": 119.659, "2\\sqrt{2}": 54.052, "1+\\sqrt{3}": 95.703}], "combined_traces": ["1+\\sqrt{3}", {"1+\\sqrt{3}": 459.25200000000007, "2\\sqrt{2}": 105.88300000000001, "1 + \\sqrt{3}": 19.713, "4": 243.27799999999996, "2": 119.659}]}, "avg_conf": {"completed_traces": ["1+\\sqrt{3}", {"1+\\sqrt{3}": 325.62216666666666, "2\\sqrt{2}": 47.998333333333335}], "truncated_traces": ["4", {"1 + \\sqrt{3}": 14.401857142857143, "4": 243.27799999999996, "2": 119.659, "2\\sqrt{2}": 44.9765, "1+\\sqrt{3}": 66.30666666666667}], "combined_traces": ["1+\\sqrt{3}", {"1+\\sqrt{3}": 391.92883333333333, "2\\sqrt{2}": 92.97483333333332, "1 + \\sqrt{3}": 14.401857142857143, "4": 243.27799999999996, "2": 119.659}]}, "ground_truth": "1+\\sqrt{3}"}