{"min_conf": {"completed_traces": ["\\dfrac{1}{3}", {"\\dfrac{1}{3}": 198.22099999999998, "\\dfrac{3}{10}": 15.691, "\\dfrac{2}{3}": 20.322, "\\dfrac{1}{25}": 12.841}], "truncated_traces": ["\\dfrac{1}{2}", {"\\dfrac{1}{2}": 871.851777777778, "\\dfrac{2}{3}": 75.22366666666667, "\\dfrac{1}{3}": 99.76444444444444, "\\dfrac{2}{7}": 13.43288888888889, "0": 146.83075, "1": 35.48775, "\\dfrac{3}{4}": 12.33}], "combined_traces": ["\\dfrac{1}{2}", {"\\dfrac{1}{3}": 297.98544444444445, "\\dfrac{3}{10}": 15.691, "\\dfrac{2}{3}": 95.54566666666666, "\\dfrac{1}{25}": 12.841, "\\dfrac{1}{2}": 871.851777777778, "\\dfrac{2}{7}": 13.43288888888889, "0": 146.83075, "1": 35.48775, "\\dfrac{3}{4}": 12.33}]}, "max_conf": {"completed_traces": ["\\dfrac{1}{3}", {"\\dfrac{1}{3}": 248.295, "\\dfrac{3}{10}": 19.263, "\\dfrac{2}{3}": 24.075, "\\dfrac{1}{25}": 18.781}], "truncated_traces": ["\\dfrac{1}{2}", {"\\dfrac{1}{2}": 1346.6230000000007, "\\dfrac{2}{3}": 117.81299999999999, "\\dfrac{1}{3}": 156.382, "\\dfrac{2}{7}": 19.369, "0": 161.52100000000002, "1": 40.106, "\\dfrac{3}{4}": 19.188}], "combined_traces": ["\\dfrac{1}{2}", {"\\dfrac{1}{3}": 404.677, "\\dfrac{3}{10}": 19.263, "\\dfrac{2}{3}": 141.888, "\\dfrac{1}{25}": 18.781, "\\dfrac{1}{2}": 1346.6230000000007, "\\dfrac{2}{7}": 19.369, "0": 161.52100000000002, "1": 40.106, "\\dfrac{3}{4}": 19.188}]}, "avg_conf": {"completed_traces": ["\\dfrac{1}{3}", {"\\dfrac{1}{3}": 217.20071428571427, "\\dfrac{3}{10}": 17.403624999999998, "\\dfrac{2}{3}": 22.18842857142857, "\\dfrac{1}{25}": 15.568499999999998}], "truncated_traces": ["\\dfrac{1}{2}", {"\\dfrac{1}{2}": 908.3342857142859, "\\dfrac{2}{3}": 78.33014285714286, "\\dfrac{1}{3}": 103.62385714285715, "\\dfrac{2}{7}": 13.725142857142858, "0": 161.52100000000002, "1": 40.106, "\\dfrac{3}{4}": 12.78957142857143}], "combined_traces": ["\\dfrac{1}{2}", {"\\dfrac{1}{3}": 320.8245714285714, "\\dfrac{3}{10}": 17.403624999999998, "\\dfrac{2}{3}": 100.51857142857143, "\\dfrac{1}{25}": 15.568499999999998, "\\dfrac{1}{2}": 908.3342857142859, "\\dfrac{2}{7}": 13.725142857142858, "0": 161.52100000000002, "1": 40.106, "\\dfrac{3}{4}": 12.78957142857143}]}, "ground_truth": "\\frac{1}{3}"}