{"min_conf": {"completed_traces": ["3+2\\sqrt{2}", {"3+2\\sqrt{2}": 56.477000000000004}], "truncated_traces": ["3+2\\sqrt{2}", {"6": 246.2995, "4": 133.11749999999998, "3+2\\sqrt{2}": 331.21700000000004, "3": 42.9655}], "combined_traces": ["3+2\\sqrt{2}", {"3+2\\sqrt{2}": 387.694, "6": 246.2995, "4": 133.11749999999998, "3": 42.9655}]}, "max_conf": {"completed_traces": ["3+2\\sqrt{2}", {"3+2\\sqrt{2}": 70.732}], "truncated_traces": ["3+2\\sqrt{2}", {"6": 197.68800000000005, "4": 107.43900000000001, "3+2\\sqrt{2}": 424.322, "3": 35.613}], "combined_traces": ["3+2\\sqrt{2}", {"3+2\\sqrt{2}": 495.054, "6": 197.68800000000005, "4": 107.43900000000001, "3": 35.613}]}, "avg_conf": {"completed_traces": ["3+2\\sqrt{2}", {"3+2\\sqrt{2}": 63.1995}], "truncated_traces": ["3+2\\sqrt{2}", {"6": 197.68800000000005, "4": 107.43900000000001, "3+2\\sqrt{2}": 328.8235, "3": 35.613}], "combined_traces": ["3+2\\sqrt{2}", {"3+2\\sqrt{2}": 392.0230000000001, "6": 197.68800000000005, "4": 107.43900000000001, "3": 35.613}]}, "ground_truth": "3+2\\sqrt{2}"}