{"min_conf": {"completed_traces": ["\\dfrac{1+\\sqrt{31}}{2}", {"\\dfrac{1 + \\sqrt{31}}{2}": 17.025, "\\dfrac{1+\\sqrt{31}}{2}": 85.36299999999999}], "truncated_traces": ["3", {"3": 374.05325000000005, "2": 332.02500000000003, "\\dfrac{1 + \\sqrt{31}}{2}": 290.9940625, "2\\sqrt{5}": 9.629125, "R": 64.68424999999999, "\\dfrac{1+\\sqrt{31}}{2}": 43.967733333333335, "\\dfrac{5}{2}": 13.328999999999999, "\\dfrac{2\\sqrt{5}}{1}": 10.715857142857143, "\\dfrac{\\sqrt{62}}{2}": 11.797307692307694, "2\\sqrt{2}": 10.053125}], "combined_traces": ["3", {"\\dfrac{1 + \\sqrt{31}}{2}": 308.0190625, "\\dfrac{1+\\sqrt{31}}{2}": 129.33073333333334, "3": 374.05325000000005, "2": 332.02500000000003, "2\\sqrt{5}": 9.629125, "R": 64.68424999999999, "\\dfrac{5}{2}": 13.328999999999999, "\\dfrac{2\\sqrt{5}}{1}": 10.715857142857143, "\\dfrac{\\sqrt{62}}{2}": 11.797307692307694, "2\\sqrt{2}": 10.053125}]}, "max_conf": {"completed_traces": ["\\dfrac{1+\\sqrt{31}}{2}", {"\\dfrac{1 + \\sqrt{31}}{2}": 25.369, "\\dfrac{1+\\sqrt{31}}{2}": 123.749}], "truncated_traces": ["\\dfrac{1 + \\sqrt{31}}{2}", {"3": 271.85200000000003, "2": 241.842, "\\dfrac{1 + \\sqrt{31}}{2}": 405.223, "2\\sqrt{5}": 11.737, "R": 49.085, "\\dfrac{1+\\sqrt{31}}{2}": 60.735, "\\dfrac{5}{2}": 19.256, "\\dfrac{2\\sqrt{5}}{1}": 16.981, "\\dfrac{\\sqrt{62}}{2}": 17.838, "2\\sqrt{2}": 12.7}], "combined_traces": ["\\dfrac{1 + \\sqrt{31}}{2}", {"\\dfrac{1 + \\sqrt{31}}{2}": 430.59200000000004, "\\dfrac{1+\\sqrt{31}}{2}": 184.484, "3": 271.85200000000003, "2": 241.842, "2\\sqrt{5}": 11.737, "R": 49.085, "\\dfrac{5}{2}": 19.256, "\\dfrac{2\\sqrt{5}}{1}": 16.981, "\\dfrac{\\sqrt{62}}{2}": 17.838, "2\\sqrt{2}": 12.7}]}, "avg_conf": {"completed_traces": ["\\dfrac{1+\\sqrt{31}}{2}", {"\\dfrac{1 + \\sqrt{31}}{2}": 20.755142857142857, "\\dfrac{1+\\sqrt{31}}{2}": 103.86238461538461}], "truncated_traces": ["\\dfrac{1 + \\sqrt{31}}{2}", {"3": 271.85200000000003, "2": 241.842, "\\dfrac{1 + \\sqrt{31}}{2}": 293.85550000000006, "2\\sqrt{5}": 9.461, "R": 49.085, "\\dfrac{1+\\sqrt{31}}{2}": 44.35753846153846, "\\dfrac{5}{2}": 13.976142857142857, "\\dfrac{2\\sqrt{5}}{1}": 11.03225, "\\dfrac{\\sqrt{62}}{2}": 12.066727272727274, "2\\sqrt{2}": 9.9285}], "combined_traces": ["\\dfrac{1 + \\sqrt{31}}{2}", {"\\dfrac{1 + \\sqrt{31}}{2}": 314.6106428571429, "\\dfrac{1+\\sqrt{31}}{2}": 148.21992307692307, "3": 271.85200000000003, "2": 241.842, "2\\sqrt{5}": 9.461, "R": 49.085, "\\dfrac{5}{2}": 13.976142857142857, "\\dfrac{2\\sqrt{5}}{1}": 11.03225, "\\dfrac{\\sqrt{62}}{2}": 12.066727272727274, "2\\sqrt{2}": 9.9285}]}, "ground_truth": "\\frac{1+\\sqrt{31}}{2}"}