{"min_conf": {"completed_traces": ["1+\\sqrt{3}", {"1+\\sqrt{3}": 29.898000000000003}], "truncated_traces": ["4", {"4": 79.1515, "2": 53.78625, "1 + \\sqrt{3}": 14.016333333333332, "1+\\sqrt{3}": 12.342750000000002}], "combined_traces": ["4", {"1+\\sqrt{3}": 42.240750000000006, "4": 79.1515, "2": 53.78625, "1 + \\sqrt{3}": 14.016333333333332}]}, "max_conf": {"completed_traces": ["1+\\sqrt{3}", {"1+\\sqrt{3}": 55.092}], "truncated_traces": ["4", {"4": 90.417, "2": 65.06, "1 + \\sqrt{3}": 20.269, "1+\\sqrt{3}": 18.894}], "combined_traces": ["4", {"1+\\sqrt{3}": 73.98599999999999, "4": 90.417, "2": 65.06, "1 + \\sqrt{3}": 20.269}]}, "avg_conf": {"completed_traces": ["1+\\sqrt{3}", {"1+\\sqrt{3}": 44.60985714285715}], "truncated_traces": ["4", {"4": 79.635, "2": 58.3805, "1 + \\sqrt{3}": 14.315, "1+\\sqrt{3}": 12.563285714285715}], "combined_traces": ["4", {"1+\\sqrt{3}": 57.173142857142864, "4": 79.635, "2": 58.3805, "1 + \\sqrt{3}": 14.315}]}, "ground_truth": "1+\\sqrt{3}"}