{"min_conf": {"completed_traces": ["\\dfrac{1}{3}", {"\\dfrac{1}{3}": 85.049}], "truncated_traces": ["\\dfrac{1}{2}", {"\\dfrac{1}{2}": 215.49066666666667, "\\dfrac{2}{3}": 37.69933333333333, "\\dfrac{1}{3}": 51.61288888888889, "\\dfrac{1}{4}": 26.415777777777777, "0": 51.35699999999999}], "combined_traces": ["\\dfrac{1}{2}", {"\\dfrac{1}{3}": 136.66188888888888, "\\dfrac{1}{2}": 215.49066666666667, "\\dfrac{2}{3}": 37.69933333333333, "\\dfrac{1}{4}": 26.415777777777777, "0": 51.35699999999999}]}, "max_conf": {"completed_traces": ["\\dfrac{1}{3}", {"\\dfrac{1}{3}": 108.934}], "truncated_traces": ["\\dfrac{1}{2}", {"\\dfrac{1}{2}": 324.76500000000004, "\\dfrac{2}{3}": 58.113, "\\dfrac{1}{3}": 79.297, "\\dfrac{1}{4}": 39.566, "0": 58.176}], "combined_traces": ["\\dfrac{1}{2}", {"\\dfrac{1}{3}": 188.231, "\\dfrac{1}{2}": 324.76500000000004, "\\dfrac{2}{3}": 58.113, "\\dfrac{1}{4}": 39.566, "0": 58.176}]}, "avg_conf": {"completed_traces": ["\\dfrac{1}{3}", {"\\dfrac{1}{3}": 95.65028571428572}], "truncated_traces": ["\\dfrac{1}{2}", {"\\dfrac{1}{2}": 225.4072857142857, "\\dfrac{2}{3}": 39.118, "\\dfrac{1}{3}": 53.409142857142854, "\\dfrac{1}{4}": 27.01685714285714, "0": 58.176}], "combined_traces": ["\\dfrac{1}{2}", {"\\dfrac{1}{3}": 149.05942857142855, "\\dfrac{1}{2}": 225.4072857142857, "\\dfrac{2}{3}": 39.118, "\\dfrac{1}{4}": 27.01685714285714, "0": 58.176}]}, "ground_truth": "\\frac{1}{3}"}