{"completed_traces_voting_answer": ["3+2\\sqrt{2}", {"3+2\\sqrt{2}": 521.0478888888889}], "truncated_traces_voting_answer": ["3+2\\sqrt{2}", {"3+2\\sqrt{2}": 1098.2896666666668, "6": 1055.1095, "4": 397.45499999999987, "3 + 2\\sqrt{2}": 87.3228, "3": 56.167, "1": 9.8065, "2": 10.1375}], "combined_traces_voting_answer": ["3+2\\sqrt{2}", {"3+2\\sqrt{2}": 1619.3375555555565, "6": 1055.1095, "4": 397.45499999999987, "3 + 2\\sqrt{2}": 87.3228, "3": 56.167, "1": 9.8065, "2": 10.1375}], "ground_truth": "3+2\\sqrt{2}"}