{"min_conf": {"completed_traces": ["3+2\\sqrt{2}", {"3+2\\sqrt{2}": 423.12000000000006}], "truncated_traces": ["3+2\\sqrt{2}", {"3+2\\sqrt{2}": 1088.4828000000002, "6": 1016.3767499999998, "4": 376.557, "3 + 2\\sqrt{2}": 86.25990909090908, "3": 50.14475, "1": 8.555499999999999, "2": 9.04875}], "combined_traces": ["3+2\\sqrt{2}", {"3+2\\sqrt{2}": 1511.6028000000001, "6": 1016.3767499999998, "4": 376.557, "3 + 2\\sqrt{2}": 86.25990909090908, "3": 50.14475, "1": 8.555499999999999, "2": 9.04875}]}, "max_conf": {"completed_traces": ["3+2\\sqrt{2}", {"3+2\\sqrt{2}": 658.302}], "truncated_traces": ["3+2\\sqrt{2}", {"3+2\\sqrt{2}": 1391.5260000000003, "6": 1294.6680000000001, "4": 488.209, "3 + 2\\sqrt{2}": 107.737, "3": 71.888, "1": 13.614, "2": 13.176}], "combined_traces": ["3+2\\sqrt{2}", {"3+2\\sqrt{2}": 2049.828, "6": 1294.6680000000001, "4": 488.209, "3 + 2\\sqrt{2}": 107.737, "3": 71.888, "1": 13.614, "2": 13.176}]}, "avg_conf": {"completed_traces": ["3+2\\sqrt{2}", {"3+2\\sqrt{2}": 521.0478888888889}], "truncated_traces": ["3+2\\sqrt{2}", {"3+2\\sqrt{2}": 1098.2896666666668, "6": 1055.1095, "4": 397.45499999999987, "3 + 2\\sqrt{2}": 87.3228, "3": 56.167, "1": 9.8065, "2": 10.1375}], "combined_traces": ["3+2\\sqrt{2}", {"3+2\\sqrt{2}": 1619.3375555555565, "6": 1055.1095, "4": 397.45499999999987, "3 + 2\\sqrt{2}": 87.3228, "3": 56.167, "1": 9.8065, "2": 10.1375}]}, "ground_truth": "3+2\\sqrt{2}"}