{"completed_traces_voting_answer": ["3+2\\sqrt{2}", {"3+2\\sqrt{2}": 658.302}], "truncated_traces_voting_answer": ["3+2\\sqrt{2}", {"3+2\\sqrt{2}": 1391.5260000000003, "6": 1294.6680000000001, "4": 488.209, "3 + 2\\sqrt{2}": 107.737, "3": 71.888, "1": 13.614, "2": 13.176}], "combined_traces_voting_answer": ["3+2\\sqrt{2}", {"3+2\\sqrt{2}": 2049.828, "6": 1294.6680000000001, "4": 488.209, "3 + 2\\sqrt{2}": 107.737, "3": 71.888, "1": 13.614, "2": 13.176}], "ground_truth": "3+2\\sqrt{2}"}