{"completed_traces_voting_answer": ["3+2\\sqrt{2}", {"3+2\\sqrt{2}": 423.12000000000006}], "truncated_traces_voting_answer": ["3+2\\sqrt{2}", {"3+2\\sqrt{2}": 1088.4828000000002, "6": 1016.3767499999998, "4": 376.557, "3 + 2\\sqrt{2}": 86.25990909090908, "3": 50.14475, "1": 8.555499999999999, "2": 9.04875}], "combined_traces_voting_answer": ["3+2\\sqrt{2}", {"3+2\\sqrt{2}": 1511.6028000000001, "6": 1016.3767499999998, "4": 376.557, "3 + 2\\sqrt{2}": 86.25990909090908, "3": 50.14475, "1": 8.555499999999999, "2": 9.04875}], "ground_truth": "3+2\\sqrt{2}"}