{"min_conf": {"completed_traces": ["2^{99}", {"2^{99}": 73.28999999999999}], "truncated_traces": ["2^{99}", {"2^{99}": 388.5527142857143}], "combined_traces": ["2^{99}", {"2^{99}": 461.84271428571424}]}, "max_conf": {"completed_traces": ["2^{99}", {"2^{99}": 147.127}], "truncated_traces": ["2^{99}", {"2^{99}": 403.83799999999997}], "combined_traces": ["2^{99}", {"2^{99}": 550.9650000000001}]}, "avg_conf": {"completed_traces": ["2^{99}", {"2^{99}": 114.1295}], "truncated_traces": ["2^{99}", {"2^{99}": 373.7224}], "combined_traces": ["2^{99}", {"2^{99}": 487.8518999999999}]}, "ground_truth": "2^{99}"}