{"min_conf": {"completed_traces": ["9", {"9": 191.528, "18": 34.372, "9\\sqrt{3}": 18.291, "6": 55.516, "12": 34.749, "\\dfrac{9\\sqrt{30}}{4}": 17.319}], "truncated_traces": ["15", {"15": 405.6224, "12": 62.059799999999996, "6": 104.743, "18": 98.58359999999999, "9": 326.70725, "27": 12.1212, "13": 22.0286, "1": 11.52575, "7": 13.76825, "9\\sqrt{3}": 17.30875}], "combined_traces": ["9", {"9": 518.2352500000001, "18": 132.95559999999998, "9\\sqrt{3}": 35.59975, "6": 160.25900000000001, "12": 96.80879999999999, "\\dfrac{9\\sqrt{30}}{4}": 17.319, "15": 405.6224, "27": 12.1212, "13": 22.0286, "1": 11.52575, "7": 13.76825}]}, "max_conf": {"completed_traces": ["9", {"9": 191.528, "18": 37.306, "9\\sqrt{3}": 22.5, "6": 55.516, "12": 37.047, "\\dfrac{9\\sqrt{30}}{4}": 24.456}], "truncated_traces": ["15", {"15": 320.98800000000017, "12": 52.94, "6": 92.68, "18": 79.573, "9": 268.876, "27": 9.801, "13": 17.338, "1": 9.607, "7": 12.079, "9\\sqrt{3}": 19.519}], "combined_traces": ["9", {"9": 460.4040000000001, "18": 116.87899999999999, "9\\sqrt{3}": 42.019, "6": 148.19599999999997, "12": 89.987, "\\dfrac{9\\sqrt{30}}{4}": 24.456, "15": 320.98800000000017, "27": 9.801, "13": 17.338, "1": 9.607, "7": 12.079}]}, "avg_conf": {"completed_traces": ["9", {"9": 191.528, "18": 35.839, "9\\sqrt{3}": 20.37733333333333, "6": 55.516, "12": 35.898, "\\dfrac{9\\sqrt{30}}{4}": 20.01330769230769}], "truncated_traces": ["15", {"15": 315.3625, "12": 51.1275, "6": 92.68, "18": 77.51299999999999, "9": 268.876, "27": 9.7455, "13": 17.189, "1": 9.607, "7": 12.079, "9\\sqrt{3}": 17.3}], "combined_traces": ["9", {"9": 460.4040000000001, "18": 113.35199999999999, "9\\sqrt{3}": 37.67733333333333, "6": 148.19599999999997, "12": 87.0255, "\\dfrac{9\\sqrt{30}}{4}": 20.01330769230769, "15": 315.3625, "27": 9.7455, "13": 17.189, "1": 9.607, "7": 12.079}]}, "ground_truth": "\\frac{9\\sqrt{30}}{4}"}