{"min_conf": {"completed_traces": ["72", {"72": 344.26300000000003, "68": 24.966}], "truncated_traces": ["8", {"88": 67.44680000000001, "8": 966.9454498217868, "72": 22.8166, "48": 58.6418, "40": 11.139199999999999, "2": 22.56725, "42": 14.649600000000001}], "combined_traces": ["8", {"72": 367.0796, "68": 24.966, "88": 67.44680000000001, "8": 966.9454498217868, "48": 58.6418, "40": 11.139199999999999, "2": 22.56725, "42": 14.649600000000001}]}, "max_conf": {"completed_traces": ["72", {"72": 351.462, "68": 25.244}], "truncated_traces": ["8", {"88": 58.928999999999995, "8": 867.9360000000003, "72": 23.587, "48": 56.455, "40": 10.257, "2": 19.384, "42": 12.766}], "combined_traces": ["8", {"72": 375.049, "68": 25.244, "88": 58.928999999999995, "8": 867.9360000000003, "48": 56.455, "40": 10.257, "2": 19.384, "42": 12.766}]}, "avg_conf": {"completed_traces": ["72", {"72": 347.86250000000007, "68": 25.105}], "truncated_traces": ["8", {"88": 52.438, "8": 867.9360000000003, "72": 19.6055, "48": 49.5035, "40": 9.0245, "2": 19.384, "42": 12.038499999999999}], "combined_traces": ["8", {"72": 367.4680000000001, "68": 25.105, "88": 52.438, "8": 867.9360000000003, "48": 49.5035, "40": 9.0245, "2": 19.384, "42": 12.038499999999999}]}, "ground_truth": "72"}