{"min_conf": {"completed_traces": ["12", {"12": 355.9150000000001}], "truncated_traces": ["12", {"12": 367.0706, "43": 7.9990000000000006, "24": 17.5784, "27": 8.8064, "3": 18.82475, "6": 9.093499999999999, "18": 7.739199999999999, "36": 8.758799999999999}], "combined_traces": ["12", {"12": 722.9856000000002, "43": 7.9990000000000006, "24": 17.5784, "27": 8.8064, "3": 18.82475, "6": 9.093499999999999, "18": 7.739199999999999, "36": 8.758799999999999}]}, "max_conf": {"completed_traces": ["12", {"12": 373.9090000000001}], "truncated_traces": ["12", {"12": 326.366, "43": 5.966, "24": 14.268, "27": 6.777, "3": 14.78, "6": 6.654, "18": 5.936, "36": 6.277}], "combined_traces": ["12", {"12": 700.2750000000003, "43": 5.966, "24": 14.268, "27": 6.777, "3": 14.78, "6": 6.654, "18": 5.936, "36": 6.277}]}, "avg_conf": {"completed_traces": ["12", {"12": 364.912}], "truncated_traces": ["12", {"12": 319.62300000000005, "43": 5.7940000000000005, "24": 13.663, "27": 6.5435, "3": 14.78, "6": 6.654, "18": 5.8285, "36": 6.2095}], "combined_traces": ["12", {"12": 684.5349999999997, "43": 5.7940000000000005, "24": 13.663, "27": 6.5435, "3": 14.78, "6": 6.654, "18": 5.8285, "36": 6.2095}]}, "ground_truth": "12"}