{"min_conf": {"completed_traces": ["3+2\\sqrt{2}", {"3+2\\sqrt{2}": 17.448}], "truncated_traces": ["6", {"3+2\\sqrt{2}": 83.22960000000002, "6": 90.8455}], "combined_traces": ["3+2\\sqrt{2}", {"3+2\\sqrt{2}": 100.6776, "6": 90.8455}]}, "max_conf": {"completed_traces": ["3+2\\sqrt{2}", {"3+2\\sqrt{2}": 27.888}], "truncated_traces": ["6", {"3+2\\sqrt{2}": 107.231, "6": 116.257}], "combined_traces": ["3+2\\sqrt{2}", {"3+2\\sqrt{2}": 135.119, "6": 116.257}]}, "avg_conf": {"completed_traces": ["3+2\\sqrt{2}", {"3+2\\sqrt{2}": 21.396}], "truncated_traces": ["6", {"3+2\\sqrt{2}": 83.80211111111112, "6": 94.64900000000002}], "combined_traces": ["3+2\\sqrt{2}", {"3+2\\sqrt{2}": 105.1981111111111, "6": 94.64900000000002}]}, "ground_truth": "3+2\\sqrt{2}"}