{"completed_traces_voting_answer": ["72", {"72": 320.92299999999994, "60": 26.325999999999997}], "truncated_traces_voting_answer": ["8", {"8": 1932.391, "240": 10.71225, "88": 184.02433333333332, "48": 177.31133333333335, "72": 98.14066666666665, "2": 37.768499999999996, "36": 12.751666666666667, "12": 11.903666666666666, "24": 9.815}], "combined_traces_voting_answer": ["8", {"72": 419.06366666666656, "60": 26.325999999999997, "8": 1932.391, "240": 10.71225, "88": 184.02433333333332, "48": 177.31133333333335, "2": 37.768499999999996, "36": 12.751666666666667, "12": 11.903666666666666, "24": 9.815}], "ground_truth": "72"}