{"completed_traces_voting_answer": ["72", {"72": 337.919, "60": 27.212}], "truncated_traces_voting_answer": ["8", {"8": 2259.783, "240": 15.006, "88": 254.76599999999996, "48": 230.65300000000002, "72": 117.81999999999998, "2": 46.151, "36": 16.325, "12": 14.119, "24": 13.194}], "combined_traces_voting_answer": ["8", {"72": 455.73900000000003, "60": 27.212, "8": 2259.783, "240": 15.006, "88": 254.76599999999996, "48": 230.65300000000002, "2": 46.151, "36": 16.325, "12": 14.119, "24": 13.194}], "ground_truth": "72"}