{"completed_traces_voting_answer": ["72", {"72": 185.037, "60": 15.288}], "truncated_traces_voting_answer": ["8", {"8": 1793.1033317641327, "240": 11.204666666666666, "88": 194.9402, "48": 183.30399999999997, "72": 97.66699999999999, "2": 34.13975, "36": 12.106200000000001, "12": 11.258, "24": 10.137400000000001}], "combined_traces_voting_answer": ["8", {"72": 282.704, "60": 15.288, "8": 1793.1033317641327, "240": 11.204666666666666, "88": 194.9402, "48": 183.30399999999997, "2": 34.13975, "36": 12.106200000000001, "12": 11.258, "24": 10.137400000000001}], "ground_truth": "72"}