{"completed_traces_voting_answer": ["7", {"7": 1199.0925000000004}], "truncated_traces_voting_answer": ["7", {"\\dfrac{49}{1}": 33.29644444444445, "\\dfrac{\\sqrt{16384}}{\\sqrt{16383}}": 8.975380952380954, "7": 376.14149999999995, "\\dfrac{2}{\\sqrt{3}}": 131.2178181818182, "\\dfrac{\\sqrt{49}}{\\sqrt{1}}": 74.68764285714285, "16384": 48.020333333333326, "\\sqrt{3}": 19.9066, "\\dfrac{\\sqrt{3}}{2}": 89.22300000000001, "\\dfrac{\\sqrt{64}}{\\sqrt{64}}": 8.986, "\\dfrac{\\sqrt{61}}{2}": 19.390833333333333, "\\sqrt{32}": 10.604666666666665, "\\dfrac{2^{16}}{ \\sin \\left(a_{17}\\right) }": 10.390500000000001, "\\dfrac{2^{16}}{2^{16}-1}": 19.51923529411765, "\\dfrac{\\sqrt{2}}{\\sqrt{3}}": 9.589, "\\dfrac{\\sqrt{49}}{\\sqrt{13}}": 10.118266666666665, "\\dfrac{\\sqrt{142}}{12}": 18.408857142857144, "\\dfrac{\\sqrt{31}}{2}": 40.36183333333334, "\\dfrac{7}{\\sqrt[16]{2}}": 11.344857142857142, "\\dfrac{1}{7}": 134.17425, "17": 8.384333333333332, "\\dfrac{\\sqrt{49}}{7}": 32.561083333333336, "\\dfrac{\\sqrt{30947}}{1}": 9.389000000000001, "\\dfrac{1}{\\sqrt{160}}": 10.046846153846154, "\\dfrac{\\sqrt{7}}{4}": 10.618181818181819, "\\dfrac{\\sqrt{31}}{\\sqrt{3}}": 9.437642857142853, "\\dfrac{2}{\\sqrt{17}}": 10.272749999999998, "\\dfrac{\\sqrt{49}}{\\sqrt{1} - \\sqrt{4}}": 10.3268, "\\dfrac{\\sqrt{301}}{2}": 29.505923076923075, "\\dfrac{\\sqrt{2}}{49}": 11.356583333333333, "\\dfrac{1}{\\sqrt{2}}": 17.242090909090905, "\\dfrac{\\sqrt{2}}{2}": 20.055545454545452, "\\dfrac{\\sqrt{30}}{2}": 19.610083333333336, "\\dfrac{\\sqrt{34}}{4}": 10.043750000000001, "16": 8.566333333333334, "\\dfrac{2}{\\sqrt{16}}": 9.408333333333333, "\\dfrac{\\sqrt{33}}{2}": 10.074416666666668, "\\dfrac{3}{2}": 28.458, "\\dfrac{\\sqrt{49}}{1}": 9.77125, "\\dfrac{\\sqrt{10}}{7}": 10.273833333333334, "\\dfrac{7}{\\sqrt{10}}": 9.956833333333334, "\\dfrac{2^{16}}{\\sin \\left(a_{1}\\right)}": 10.984526315789475, "\\dfrac{\\sqrt{1603}}{3}": 9.427571428571428, "\\dfrac{\\sqrt{3073}}{16}": 9.3006, "\\dfrac{\\sqrt{19}}{2}": 9.990666666666668, "\\dfrac{\\sqrt{61}}{4}": 10.61575, "\\dfrac{\\sqrt{59}}{2}": 10.293833333333334, "\\dfrac{\\sqrt{18}}{2}": 9.472999999999999, "\\dfrac{2^{16}}{\\sqrt{65535}}": 10.004055555555558, "\\dfrac{\\sqrt{2}}{\\sin \\left(\\dfrac{\\pi}{4}\\right)}": 10.024, "\\dfrac{1}{\\sqrt[4]{2}}": 10.232692307692306, "2^{16}": 16.63733333333333, "\\dfrac{\\sqrt{19}}{3}": 9.900166666666667, "\\dfrac{2}{\\sqrt{7}}": 30.81309090909091, "\\dfrac{\\sqrt{2} + \\sqrt{6} + \\sqrt{10} + \\sqrt{14} + \\sqrt{18} + \\sqrt{22} + \\sqrt{26} + \\sqrt{30} + \\sqrt{34} + \\sqrt{38} + \\sqrt{42} + \\sqrt{46} + \\sqrt{50} + \\sqrt{54} + \\sqrt{58} + \\sqrt{62}}{2}": 12.262765217391305, "\\dfrac{\\sqrt{26}}{2}": 9.7015, "\\dfrac{\\sqrt{19}}{4}": 10.868250000000002, "\\dfrac{\\sqrt{179}}{3}": 10.213076923076922, "\\dfrac{1}{\\sqrt{19}}": 10.84025, "\\dfrac{\\sqrt{49}}{\\sqrt{3}}": 9.938714285714283, "\\dfrac{\\sqrt{2009}}{1}": 10.70492857142857, "\\dfrac{7}{1}": 11.9245, "\\dfrac{7}{49}": 11.223222222222223, "\\dfrac{7}{9}": 10.954, "\\dfrac{\\sqrt{49}}{\\sqrt{49} - \\sqrt{46}}": 9.647772727272727, "\\dfrac{2}{\\sqrt{16 \\times 13 + 1}}": 10.02535, "\\dfrac{1}{49}": 36.718222222222224, "\\dfrac{1}{4}": 11.504625, "\\dfrac{\\sqrt{211}}{\\sqrt{1}}": 9.64593333333333, "\\dfrac{\\sqrt{311}}{5}": 9.970384615384615, "\\dfrac{\\sqrt{31}}{5}": 10.255916666666666, "\\dfrac{\\sqrt{97}}{1}": 10.147666666666668, "\\dfrac{2^{16}}{\\sqrt{2^{32}}}": 9.786588235294117, "\\dfrac{2\\sqrt{10}}{\\sqrt{7}}": 9.7615625, "\\dfrac{2^{17}-1}{2^{16}}": 10.45875, "\\dfrac{\\sqrt{46}}{\\sqrt{49}}": 11.566333333333331, "\\dfrac{1}{\\sqrt{17}}": 9.459833333333334, "\\dfrac{1}{\\sin \\left(a_{1}\\right)} \\times \\dfrac{\\sin \\left(a_{1}\\right)}{\\sin \\left(a_{2}\\right)} \\times \\dfrac{\\sin \\left(a_{2}\\right)}{\\sin \\left(a_{3}\\right)} \\times \\cdots \\times \\dfrac{\\sin \\left(a_{15}\\right)}{\\sin \\left(a_{16}\\right)} \\times \\dfrac{1}{\\sin \\left(a_{16}\\right)}": 13.040786324786326, "\\dfrac{1}{\\sqrt{7}}": 10.285818181818184, "\\dfrac{\\sqrt{1601}}{4}": 9.884214285714284, "2^{\\frac{1}{2}}": 7.944799999999998, "\\dfrac{\\sqrt{179}}{\\sqrt{161}}": 9.37664705882353, "\\dfrac{1}{\\sqrt{13}}": 11.416833333333331, "\\dfrac{\\sqrt{317}}{2}": 10.525384615384617, "\\dfrac{\\sqrt{337}}{16}": 9.327357142857142, "\\sqrt{16}": 8.836666666666668, "\\dfrac{1}{119}": 11.260399999999999, "\\dfrac{\\sqrt{61}}{1}": 10.178666666666667, "\\dfrac{2}{\\sqrt[16]{3}}": 11.019500000000003, "\\dfrac{1}{2^{15}}": 9.467636363636363, "4": 10.7385, "\\dfrac{\\sqrt{65535}}{1}": 10.632000000000001, "\\dfrac{\\sqrt{179}}{2}": 9.524461538461539, "\\sqrt{33}": 8.540666666666667, "\\dfrac{2}{\\sqrt{2}}": 9.743454545454545, "\\dfrac{2\\sqrt{2}}{\\sqrt{191}}": 9.414058823529412, "\\dfrac{1}{\\sqrt{3\\cdot 16+1}}": 11.511333333333333, "\\dfrac{1}{\\sqrt{49}}": 12.791749999999999, "\\dfrac{\\sqrt{648}}{9}": 9.759461538461538, "\\dfrac{1}{2^{8}}": 9.678099999999999, "\\dfrac{1}{\\sqrt{3}}": 9.141909090909092, "\\sqrt{17}": 8.564, "\\dfrac{\\sqrt{309}}{16}": 9.767571428571427}], "combined_traces_voting_answer": ["7", {"7": 1575.2340000000002, "\\dfrac{49}{1}": 33.29644444444445, "\\dfrac{\\sqrt{16384}}{\\sqrt{16383}}": 8.975380952380954, "\\dfrac{2}{\\sqrt{3}}": 131.2178181818182, "\\dfrac{\\sqrt{49}}{\\sqrt{1}}": 74.68764285714285, "16384": 48.020333333333326, "\\sqrt{3}": 19.9066, "\\dfrac{\\sqrt{3}}{2}": 89.22300000000001, "\\dfrac{\\sqrt{64}}{\\sqrt{64}}": 8.986, "\\dfrac{\\sqrt{61}}{2}": 19.390833333333333, "\\sqrt{32}": 10.604666666666665, "\\dfrac{2^{16}}{ \\sin \\left(a_{17}\\right) }": 10.390500000000001, "\\dfrac{2^{16}}{2^{16}-1}": 19.51923529411765, "\\dfrac{\\sqrt{2}}{\\sqrt{3}}": 9.589, "\\dfrac{\\sqrt{49}}{\\sqrt{13}}": 10.118266666666665, "\\dfrac{\\sqrt{142}}{12}": 18.408857142857144, "\\dfrac{\\sqrt{31}}{2}": 40.36183333333334, "\\dfrac{7}{\\sqrt[16]{2}}": 11.344857142857142, "\\dfrac{1}{7}": 134.17425, "17": 8.384333333333332, "\\dfrac{\\sqrt{49}}{7}": 32.561083333333336, "\\dfrac{\\sqrt{30947}}{1}": 9.389000000000001, "\\dfrac{1}{\\sqrt{160}}": 10.046846153846154, "\\dfrac{\\sqrt{7}}{4}": 10.618181818181819, "\\dfrac{\\sqrt{31}}{\\sqrt{3}}": 9.437642857142853, "\\dfrac{2}{\\sqrt{17}}": 10.272749999999998, "\\dfrac{\\sqrt{49}}{\\sqrt{1} - \\sqrt{4}}": 10.3268, "\\dfrac{\\sqrt{301}}{2}": 29.505923076923075, "\\dfrac{\\sqrt{2}}{49}": 11.356583333333333, "\\dfrac{1}{\\sqrt{2}}": 17.242090909090905, "\\dfrac{\\sqrt{2}}{2}": 20.055545454545452, "\\dfrac{\\sqrt{30}}{2}": 19.610083333333336, "\\dfrac{\\sqrt{34}}{4}": 10.043750000000001, "16": 8.566333333333334, "\\dfrac{2}{\\sqrt{16}}": 9.408333333333333, "\\dfrac{\\sqrt{33}}{2}": 10.074416666666668, "\\dfrac{3}{2}": 28.458, "\\dfrac{\\sqrt{49}}{1}": 9.77125, "\\dfrac{\\sqrt{10}}{7}": 10.273833333333334, "\\dfrac{7}{\\sqrt{10}}": 9.956833333333334, "\\dfrac{2^{16}}{\\sin \\left(a_{1}\\right)}": 10.984526315789475, "\\dfrac{\\sqrt{1603}}{3}": 9.427571428571428, "\\dfrac{\\sqrt{3073}}{16}": 9.3006, "\\dfrac{\\sqrt{19}}{2}": 9.990666666666668, "\\dfrac{\\sqrt{61}}{4}": 10.61575, "\\dfrac{\\sqrt{59}}{2}": 10.293833333333334, "\\dfrac{\\sqrt{18}}{2}": 9.472999999999999, "\\dfrac{2^{16}}{\\sqrt{65535}}": 10.004055555555558, "\\dfrac{\\sqrt{2}}{\\sin \\left(\\dfrac{\\pi}{4}\\right)}": 10.024, "\\dfrac{1}{\\sqrt[4]{2}}": 10.232692307692306, "2^{16}": 16.63733333333333, "\\dfrac{\\sqrt{19}}{3}": 9.900166666666667, "\\dfrac{2}{\\sqrt{7}}": 30.81309090909091, "\\dfrac{\\sqrt{2} + \\sqrt{6} + \\sqrt{10} + \\sqrt{14} + \\sqrt{18} + \\sqrt{22} + \\sqrt{26} + \\sqrt{30} + \\sqrt{34} + \\sqrt{38} + \\sqrt{42} + \\sqrt{46} + \\sqrt{50} + \\sqrt{54} + \\sqrt{58} + \\sqrt{62}}{2}": 12.262765217391305, "\\dfrac{\\sqrt{26}}{2}": 9.7015, "\\dfrac{\\sqrt{19}}{4}": 10.868250000000002, "\\dfrac{\\sqrt{179}}{3}": 10.213076923076922, "\\dfrac{1}{\\sqrt{19}}": 10.84025, "\\dfrac{\\sqrt{49}}{\\sqrt{3}}": 9.938714285714283, "\\dfrac{\\sqrt{2009}}{1}": 10.70492857142857, "\\dfrac{7}{1}": 11.9245,