{"completed_traces_voting_answer": ["7", {"7": 1244.8220000000003}], "truncated_traces_voting_answer": ["7", {"\\dfrac{49}{1}": 57.697, "\\dfrac{\\sqrt{16384}}{\\sqrt{16383}}": 17.569, "7": 402.11499999999995, "\\dfrac{2}{\\sqrt{3}}": 221.815, "\\dfrac{\\sqrt{49}}{\\sqrt{1}}": 130.96599999999998, "16384": 61.706999999999994, "\\sqrt{3}": 24.265, "\\dfrac{\\sqrt{3}}{2}": 157.227, "\\dfrac{\\sqrt{64}}{\\sqrt{64}}": 17.406, "\\dfrac{\\sqrt{61}}{2}": 37.131, "\\sqrt{32}": 12.748, "\\dfrac{2^{16}}{ \\sin \\left(a_{17}\\right) }": 19.138, "\\dfrac{2^{16}}{2^{16}-1}": 32.931, "\\dfrac{\\sqrt{2}}{\\sqrt{3}}": 17.947, "\\dfrac{\\sqrt{49}}{\\sqrt{13}}": 19.213, "\\dfrac{\\sqrt{142}}{12}": 37.247, "\\dfrac{\\sqrt{31}}{2}": 75.895, "\\dfrac{7}{\\sqrt[16]{2}}": 18.966, "\\dfrac{1}{7}": 219.98999999999998, "17": 10.011, "\\dfrac{\\sqrt{49}}{7}": 59.147000000000006, "\\dfrac{\\sqrt{30947}}{1}": 18.306, "\\dfrac{1}{\\sqrt{160}}": 19.881, "\\dfrac{\\sqrt{7}}{4}": 19.438, "\\dfrac{\\sqrt{31}}{\\sqrt{3}}": 17.25, "\\dfrac{2}{\\sqrt{17}}": 18.659, "\\dfrac{\\sqrt{49}}{\\sqrt{1} - \\sqrt{4}}": 20.012, "\\dfrac{\\sqrt{301}}{2}": 54.863, "\\dfrac{\\sqrt{2}}{49}": 20.297, "\\dfrac{1}{\\sqrt{2}}": 34.194, "\\dfrac{\\sqrt{2}}{2}": 35.631, "\\dfrac{\\sqrt{30}}{2}": 37.537000000000006, "\\dfrac{\\sqrt{34}}{4}": 20.15, "16": 10.319, "\\dfrac{2}{\\sqrt{16}}": 18.497, "\\dfrac{\\sqrt{33}}{2}": 18.763, "\\dfrac{3}{2}": 50.557, "\\dfrac{\\sqrt{49}}{1}": 18.525, "\\dfrac{\\sqrt{10}}{7}": 19.625, "\\dfrac{7}{\\sqrt{10}}": 17.722, "\\dfrac{2^{16}}{\\sin \\left(a_{1}\\right)}": 16.803, "\\dfrac{\\sqrt{1603}}{3}": 17.688, "\\dfrac{\\sqrt{3073}}{16}": 18.509, "\\dfrac{\\sqrt{19}}{2}": 18.722, "\\dfrac{\\sqrt{61}}{4}": 19.619, "\\dfrac{\\sqrt{59}}{2}": 18.963, "\\dfrac{\\sqrt{18}}{2}": 18.456, "\\dfrac{2^{16}}{\\sqrt{65535}}": 16.894, "\\dfrac{\\sqrt{2}}{\\sin \\left(\\dfrac{\\pi}{4}\\right)}": 17.394, "\\dfrac{1}{\\sqrt[4]{2}}": 19.363, "2^{16}": 20.969, "\\dfrac{\\sqrt{19}}{3}": 18.372, "\\dfrac{2}{\\sqrt{7}}": 52.634, "\\dfrac{\\sqrt{2} + \\sqrt{6} + \\sqrt{10} + \\sqrt{14} + \\sqrt{18} + \\sqrt{22} + \\sqrt{26} + \\sqrt{30} + \\sqrt{34} + \\sqrt{38} + \\sqrt{42} + \\sqrt{46} + \\sqrt{50} + \\sqrt{54} + \\sqrt{58} + \\sqrt{62}}{2}": 18.359, "\\dfrac{\\sqrt{26}}{2}": 18.375, "\\dfrac{\\sqrt{19}}{4}": 19.503, "\\dfrac{\\sqrt{179}}{3}": 18.869, "\\dfrac{1}{\\sqrt{19}}": 19.862, "\\dfrac{\\sqrt{49}}{\\sqrt{3}}": 17.622, "\\dfrac{\\sqrt{2009}}{1}": 20.35, "\\dfrac{7}{1}": 18.909, "\\dfrac{7}{49}": 18.578, "\\dfrac{7}{9}": 19.322, "\\dfrac{\\sqrt{49}}{\\sqrt{49} - \\sqrt{46}}": 18.769, "\\dfrac{2}{\\sqrt{16 \\times 13 + 1}}": 19.028, "\\dfrac{1}{49}": 58.940999999999995, "\\dfrac{1}{4}": 20.15, "\\dfrac{\\sqrt{211}}{\\sqrt{1}}": 19.05, "\\dfrac{\\sqrt{311}}{5}": 19.519, "\\dfrac{\\sqrt{31}}{5}": 19.438, "\\dfrac{\\sqrt{97}}{1}": 19.044, "\\dfrac{2^{16}}{\\sqrt{2^{32}}}": 16.891, "\\dfrac{2\\sqrt{10}}{\\sqrt{7}}": 17.681, "\\dfrac{2^{17}-1}{2^{16}}": 18.425, "\\dfrac{\\sqrt{46}}{\\sqrt{49}}": 20.422, "\\dfrac{1}{\\sqrt{17}}": 19.206, "\\dfrac{1}{\\sin \\left(a_{1}\\right)} \\times \\dfrac{\\sin \\left(a_{1}\\right)}{\\sin \\left(a_{2}\\right)} \\times \\dfrac{\\sin \\left(a_{2}\\right)}{\\sin \\left(a_{3}\\right)} \\times \\cdots \\times \\dfrac{\\sin \\left(a_{15}\\right)}{\\sin \\left(a_{16}\\right)} \\times \\dfrac{1}{\\sin \\left(a_{16}\\right)}": 22.706, "\\dfrac{1}{\\sqrt{7}}": 19.909, "\\dfrac{\\sqrt{1601}}{4}": 19.228, "2^{\\frac{1}{2}}": 10.475, "\\dfrac{\\sqrt{179}}{\\sqrt{161}}": 18.106, "\\dfrac{1}{\\sqrt{13}}": 19.444, "\\dfrac{\\sqrt{317}}{2}": 18.497, "\\dfrac{\\sqrt{337}}{16}": 18.438, "\\sqrt{16}": 10.842, "\\dfrac{1}{119}": 20.353, "\\dfrac{\\sqrt{61}}{1}": 19.231, "\\dfrac{2}{\\sqrt[16]{3}}": 19.531, "\\dfrac{1}{2^{15}}": 16.138, "4": 12.021, "\\dfrac{\\sqrt{65535}}{1}": 18.134, "\\dfrac{\\sqrt{179}}{2}": 18.366, "\\sqrt{33}": 10.476, "\\dfrac{2}{\\sqrt{2}}": 18.559, "\\dfrac{2\\sqrt{2}}{\\sqrt{191}}": 17.216, "\\dfrac{1}{\\sqrt{3\\cdot 16+1}}": 20.406, "\\dfrac{1}{\\sqrt{49}}": 20.55, "\\dfrac{\\sqrt{648}}{9}": 16.422, "\\dfrac{1}{2^{8}}": 18.381, "\\dfrac{1}{\\sqrt{3}}": 16.963, "\\sqrt{17}": 10.662, "\\dfrac{\\sqrt{309}}{16}": 18.85}], "combined_traces_voting_answer": ["7", {"7": 1646.9370000000004, "\\dfrac{49}{1}": 57.697, "\\dfrac{\\sqrt{16384}}{\\sqrt{16383}}": 17.569, "\\dfrac{2}{\\sqrt{3}}": 221.815, "\\dfrac{\\sqrt{49}}{\\sqrt{1}}": 130.96599999999998, "16384": 61.706999999999994, "\\sqrt{3}": 24.265, "\\dfrac{\\sqrt{3}}{2}": 157.227, "\\dfrac{\\sqrt{64}}{\\sqrt{64}}": 17.406, "\\dfrac{\\sqrt{61}}{2}": 37.131, "\\sqrt{32}": 12.748, "\\dfrac{2^{16}}{ \\sin \\left(a_{17}\\right) }": 19.138, "\\dfrac{2^{16}}{2^{16}-1}": 32.931, "\\dfrac{\\sqrt{2}}{\\sqrt{3}}": 17.947, "\\dfrac{\\sqrt{49}}{\\sqrt{13}}": 19.213, "\\dfrac{\\sqrt{142}}{12}": 37.247, "\\dfrac{\\sqrt{31}}{2}": 75.895, "\\dfrac{7}{\\sqrt[16]{2}}": 18.966, "\\dfrac{1}{7}": 219.98999999999998, "17": 10.011, "\\dfrac{\\sqrt{49}}{7}": 59.147000000000006, "\\dfrac{\\sqrt{30947}}{1}": 18.306, "\\dfrac{1}{\\sqrt{160}}": 19.881, "\\dfrac{\\sqrt{7}}{4}": 19.438, "\\dfrac{\\sqrt{31}}{\\sqrt{3}}": 17.25, "\\dfrac{2}{\\sqrt{17}}": 18.659, "\\dfrac{\\sqrt{49}}{\\sqrt{1} - \\sqrt{4}}": 20.012, "\\dfrac{\\sqrt{301}}{2}": 54.863, "\\dfrac{\\sqrt{2}}{49}": 20.297, "\\dfrac{1}{\\sqrt{2}}": 34.194, "\\dfrac{\\sqrt{2}}{2}": 35.631, "\\dfrac{\\sqrt{30}}{2}": 37.537000000000006, "\\dfrac{\\sqrt{34}}{4}": 20.15, "16": 10.319, "\\dfrac{2}{\\sqrt{16}}": 18.497, "\\dfrac{\\sqrt{33}}{2}": 18.763, "\\dfrac{3}{2}": 50.557, "\\dfrac{\\sqrt{49}}{1}": 18.525, "\\dfrac{\\sqrt{10}}{7}": 19.625, "\\dfrac{7}{\\sqrt{10}}": 17.722, "\\dfrac{2^{16}}{\\sin \\left(a_{1}\\right)}": 16.803, "\\dfrac{\\sqrt{1603}}{3}": 17.688, "\\dfrac{\\sqrt{3073}}{16}": 18.509, "\\dfrac{\\sqrt{19}}{2}": 18.722, "\\dfrac{\\sqrt{61}}{4}": 19.619, "\\dfrac{\\sqrt{59}}{2}": 18.963, "\\dfrac{\\sqrt{18}}{2}": 18.456, "\\dfrac{2^{16}}{\\sqrt{65535}}": 16.894, "\\dfrac{\\sqrt{2}}{\\sin \\left(\\dfrac{\\pi}{4}\\right)}": 17.394, "\\dfrac{1}{\\sqrt[4]{2}}": 19.363, "2^{16}": 20.969, "\\dfrac{\\sqrt{19}}{3}": 18.372, "\\dfrac{2}{\\sqrt{7}}": 52.634, "\\dfrac{\\sqrt{2} + \\sqrt{6} + \\sqrt{10} + \\sqrt{14} + \\sqrt{18} + \\sqrt{22} + \\sqrt{26} + \\sqrt{30} + \\sqrt{34} + \\sqrt{38} + \\sqrt{42} + \\sqrt{46} + \\sqrt{50} + \\sqrt{54} + \\sqrt{58} + \\sqrt{62}}{2}": 18.359, "\\dfrac{\\sqrt{26}}{2}": 18.375, "\\dfrac{\\sqrt{19}}{4}": 19.503, "\\dfrac{\\sqrt{179}}{3}": 18.869, "\\dfrac{1}{\\sqrt{19}}": 19.862, "\\dfrac{\\sqrt{49}}{\\sqrt{3}}": 17.622, "\\dfrac{\\sqrt{2009}}{1}": 20.35, "\\dfrac{7}{1}": 18.909, "\\dfrac{7}{49}": 18.578, "\\dfrac{7}{9}": 19.322, "\\dfrac{\\sqrt{49}}{\\sqrt{49} - \\sqrt{46}}": 18.769, "\\dfrac{2}{\\sqrt{16 \\times 13 + 1}}": 19.028, "\\dfrac{1}{49}": 58.940999999999995, "\\dfrac{1}{4}": 20.15, "\\dfrac{\\sqrt{211}}{\\sqrt{1}}": 19.05, "\\dfrac{\\sqrt{311}}{5}": 19.519, "\\dfrac{\\sqrt{31}}{5}": 19.438, "\\dfrac{\\sqrt{97}}{1}": 19.044, "\\dfrac{2^{16}}{\\sqrt{2^{32}}}": 16.891, "\\dfrac{2\\sqrt{10}}{\\sqrt{7}}": 17.681, "\\dfrac{2^{17}-1}{2^{16}}": 18.425, "\\dfrac{\\sqrt{46}}{\\sqrt{49}}": 20.422, "\\dfrac{1}{\\sqrt{17}}": 19.206, "\\dfrac{1}{\\sin \\left(a_{1}\\right)} \\times \\dfrac{\\sin \\left(a_{1}\\right)}{\\sin \\left(a_{2}\\right)} \\times \\dfrac{\\sin \\left(a_{2}\\right)}{\\sin \\left(a_{3}\\right)} \\times \\cdots \\times \\dfrac{\\sin \\left(a_{15}\\right)}{\\sin \\left(a_{16}\\right)} \\times \\dfrac{1}{\\sin \\left(a_{16}\\right)}": 22.706, "\\dfrac{1}{\\sqrt{7}}": 19.909, "\\dfrac{\\sqrt{1601}}{4}": 19.228, "2^{\\frac{1}{2}}": 10.475, "\\dfrac{\\sqrt{179}}{\\sqrt{161}}": 18.106, "\\dfrac{1}{\\sqrt{13}}": 19.444, "\\dfrac{\\sqrt{317}}{2}": 18.497, "\\dfrac{\\sqrt{337}}{16}": 18.438, "\\sqrt{16}": 10.842, "\\dfrac{1}{119}": 20.353, "\\dfrac{\\sqrt{61}}{1}": 19.231, "\\dfrac{2}{\\sqrt[16]{3}}": 19.531, "\\dfrac{1}{2^{15}}": 16.138, "4": 12.021, "\\dfrac{\\sqrt{65535}}{1}": 18.134, "\\dfrac{\\sqrt{179}}{2}": 18.366,