{"completed_traces_voting_answer": ["7", {"7": 858.0590000000001}], "truncated_traces_voting_answer": ["7", {"\\dfrac{49}{1}": 32.8715, "\\dfrac{\\sqrt{16384}}{\\sqrt{16383}}": 8.980863636363638, "7": 352.2389880952381, "\\dfrac{2}{\\sqrt{3}}": 131.34266666666667, "\\dfrac{\\sqrt{49}}{\\sqrt{1}}": 71.52289583333334, "16384": 50.32, "\\sqrt{3}": 20.146166666666666, "\\dfrac{\\sqrt{3}}{2}": 89.58383333333333, "\\dfrac{\\sqrt{64}}{\\sqrt{64}}": 8.980625, "\\dfrac{\\sqrt{61}}{2}": 19.436153846153847, "\\sqrt{32}": 10.56142857142857, "\\dfrac{2^{16}}{ \\sin \\left(a_{17}\\right) }": 10.263695652173912, "\\dfrac{2^{16}}{2^{16}-1}": 19.473111111111113, "\\dfrac{\\sqrt{2}}{\\sqrt{3}}": 9.555071428571429, "\\dfrac{\\sqrt{49}}{\\sqrt{13}}": 9.9826875, "\\dfrac{\\sqrt{142}}{12}": 18.561466666666668, "\\dfrac{\\sqrt{31}}{2}": 40.54069230769231, "\\dfrac{7}{\\sqrt[16]{2}}": 11.205199999999998, "\\dfrac{1}{7}": 133.1491111111111, "17": 8.937, "\\dfrac{\\sqrt{49}}{7}": 32.053923076923084, "\\dfrac{\\sqrt{30947}}{1}": 9.3803125, "\\dfrac{1}{\\sqrt{160}}": 10.010500000000002, "\\dfrac{\\sqrt{7}}{4}": 10.70833333333333, "\\dfrac{\\sqrt{31}}{\\sqrt{3}}": 9.457466666666669, "\\dfrac{2}{\\sqrt{17}}": 10.331692307692306, "\\dfrac{\\sqrt{49}}{\\sqrt{1} - \\sqrt{4}}": 9.976545454545455, "\\dfrac{\\sqrt{301}}{2}": 29.77542857142857, "\\dfrac{\\sqrt{2}}{49}": 11.393615384615384, "\\dfrac{1}{\\sqrt{2}}": 17.382583333333336, "\\dfrac{\\sqrt{2}}{2}": 20.070666666666668, "\\dfrac{\\sqrt{30}}{2}": 19.59653846153846, "\\dfrac{\\sqrt{34}}{4}": 10.065538461538464, "16": 9.2072, "\\dfrac{2}{\\sqrt{16}}": 9.058857142857144, "\\dfrac{\\sqrt{33}}{2}": 10.072769230769232, "\\dfrac{3}{2}": 29.011777777777773, "\\dfrac{\\sqrt{49}}{1}": 9.665615384615382, "\\dfrac{\\sqrt{10}}{7}": 10.37830769230769, "\\dfrac{7}{\\sqrt{10}}": 9.836076923076924, "\\dfrac{2^{16}}{\\sin \\left(a_{1}\\right)}": 10.850100000000001, "\\dfrac{\\sqrt{1603}}{3}": 9.49253333333333, "\\dfrac{\\sqrt{3073}}{16}": 9.4455, "\\dfrac{\\sqrt{19}}{2}": 9.966230769230767, "\\dfrac{\\sqrt{61}}{4}": 10.652076923076923, "\\dfrac{\\sqrt{59}}{2}": 10.295, "\\dfrac{\\sqrt{18}}{2}": 9.495923076923075, "\\dfrac{2^{16}}{\\sqrt{65535}}": 9.941947368421054, "\\dfrac{\\sqrt{2}}{\\sin \\left(\\dfrac{\\pi}{4}\\right)}": 9.88704347826087, "\\dfrac{1}{\\sqrt[4]{2}}": 10.190071428571427, "2^{16}": 17.253, "\\dfrac{\\sqrt{19}}{3}": 9.949384615384616, "\\dfrac{2}{\\sqrt{7}}": 30.607416666666666, "\\dfrac{\\sqrt{2} + \\sqrt{6} + \\sqrt{10} + \\sqrt{14} + \\sqrt{18} + \\sqrt{22} + \\sqrt{26} + \\sqrt{30} + \\sqrt{34} + \\sqrt{38} + \\sqrt{42} + \\sqrt{46} + \\sqrt{50} + \\sqrt{54} + \\sqrt{58} + \\sqrt{62}}{2}": 12.218689655172412, "\\dfrac{\\sqrt{26}}{2}": 9.735153846153846, "\\dfrac{\\sqrt{19}}{4}": 10.801230769230768, "\\dfrac{\\sqrt{179}}{3}": 10.262642857142856, "\\dfrac{1}{\\sqrt{19}}": 10.926153846153845, "\\dfrac{\\sqrt{49}}{\\sqrt{3}}": 9.826466666666665, "\\dfrac{\\sqrt{2009}}{1}": 10.643199999999998, "\\dfrac{7}{1}": 11.837, "\\dfrac{7}{49}": 11.057699999999999, "\\dfrac{7}{9}": 11.125777777777778, "\\dfrac{\\sqrt{49}}{\\sqrt{49} - \\sqrt{46}}": 9.605826086956522, "\\dfrac{2}{\\sqrt{16 \\times 13 + 1}}": 9.95638095238095, "\\dfrac{1}{49}": 37.2298, "\\dfrac{1}{4}": 11.466, "\\dfrac{\\sqrt{211}}{\\sqrt{1}}": 9.582124999999998, "\\dfrac{\\sqrt{311}}{5}": 10.011, "\\dfrac{\\sqrt{31}}{5}": 10.316153846153846, "\\dfrac{\\sqrt{97}}{1}": 10.078538461538464, "\\dfrac{2^{16}}{\\sqrt{2^{32}}}": 9.511105263157894, "\\dfrac{2\\sqrt{10}}{\\sqrt{7}}": 9.754588235294118, "\\dfrac{2^{17}-1}{2^{16}}": 10.428823529411764, "\\dfrac{\\sqrt{46}}{\\sqrt{49}}": 11.352812499999999, "\\dfrac{1}{\\sqrt{17}}": 9.51746153846154, "\\dfrac{1}{\\sin \\left(a_{1}\\right)} \\times \\dfrac{\\sin \\left(a_{1}\\right)}{\\sin \\left(a_{2}\\right)} \\times \\dfrac{\\sin \\left(a_{2}\\right)}{\\sin \\left(a_{3}\\right)} \\times \\cdots \\times \\dfrac{\\sin \\left(a_{15}\\right)}{\\sin \\left(a_{16}\\right)} \\times \\dfrac{1}{\\sin \\left(a_{16}\\right)}": 12.983508474576267, "\\dfrac{1}{\\sqrt{7}}": 10.356416666666666, "\\dfrac{\\sqrt{1601}}{4}": 9.984466666666666, "2^{\\frac{1}{2}}": 7.7208181818181805, "\\dfrac{\\sqrt{179}}{\\sqrt{161}}": 9.43261111111111, "\\dfrac{1}{\\sqrt{13}}": 11.337307692307691, "\\dfrac{\\sqrt{317}}{2}": 10.531785714285716, "\\dfrac{\\sqrt{337}}{16}": 9.428066666666666, "\\sqrt{16}": 8.829142857142857, "\\dfrac{1}{119}": 11.495545454545452, "\\dfrac{\\sqrt{61}}{1}": 10.074846153846154, "\\dfrac{2}{\\sqrt[16]{3}}": 10.998333333333335, "\\dfrac{1}{2^{15}}": 9.683916666666667, "4": 10.66275, "\\dfrac{\\sqrt{65535}}{1}": 10.632437500000002, "\\dfrac{\\sqrt{179}}{2}": 9.599142857142855, "\\sqrt{33}": 8.82, "\\dfrac{2}{\\sqrt{2}}": 9.375692307692308, "\\dfrac{2\\sqrt{2}}{\\sqrt{191}}": 9.45038888888889, "\\dfrac{1}{\\sqrt{3\\cdot 16+1}}": 11.37484210526316, "\\dfrac{1}{\\sqrt{49}}": 12.658384615384616, "\\dfrac{\\sqrt{648}}{9}": 9.713642857142856, "\\dfrac{1}{2^{8}}": 9.720272727272727, "\\dfrac{1}{\\sqrt{3}}": 9.351, "\\sqrt{17}": 8.885428571428571, "\\dfrac{\\sqrt{309}}{16}": 9.817733333333335}], "combined_traces_voting_answer": ["7", {"7": 1210.2979880952387, "\\dfrac{49}{1}": 32.8715, "\\dfrac{\\sqrt{16384}}{\\sqrt{16383}}": 8.980863636363638, "\\dfrac{2}{\\sqrt{3}}": 131.34266666666667, "\\dfrac{\\sqrt{49}}{\\sqrt{1}}": 71.52289583333334, "16384": 50.32, "\\sqrt{3}": 20.146166666666666, "\\dfrac{\\sqrt{3}}{2}": 89.58383333333333, "\\dfrac{\\sqrt{64}}{\\sqrt{64}}": 8.980625, "\\dfrac{\\sqrt{61}}{2}": 19.436153846153847, "\\sqrt{32}": 10.56142857142857, "\\dfrac{2^{16}}{ \\sin \\left(a_{17}\\right) }": 10.263695652173912, "\\dfrac{2^{16}}{2^{16}-1}": 19.473111111111113, "\\dfrac{\\sqrt{2}}{\\sqrt{3}}": 9.555071428571429, "\\dfrac{\\sqrt{49}}{\\sqrt{13}}": 9.9826875, "\\dfrac{\\sqrt{142}}{12}": 18.561466666666668, "\\dfrac{\\sqrt{31}}{2}": 40.54069230769231, "\\dfrac{7}{\\sqrt[16]{2}}": 11.205199999999998, "\\dfrac{1}{7}": 133.1491111111111, "17": 8.937, "\\dfrac{\\sqrt{49}}{7}": 32.053923076923084, "\\dfrac{\\sqrt{30947}}{1}": 9.3803125, "\\dfrac{1}{\\sqrt{160}}": 10.010500000000002, "\\dfrac{\\sqrt{7}}{4}": 10.70833333333333, "\\dfrac{\\sqrt{31}}{\\sqrt{3}}": 9.457466666666669, "\\dfrac{2}{\\sqrt{17}}": 10.331692307692306, "\\dfrac{\\sqrt{49}}{\\sqrt{1} - \\sqrt{4}}": 9.976545454545455, "\\dfrac{\\sqrt{301}}{2}": 29.77542857142857, "\\dfrac{\\sqrt{2}}{49}": 11.393615384615384, "\\dfrac{1}{\\sqrt{2}}": 17.382583333333336, "\\dfrac{\\sqrt{2}}{2}": 20.070666666666668, "\\dfrac{\\sqrt{30}}{2}": 19.59653846153846, "\\dfrac{\\sqrt{34}}{4}": 10.065538461538464, "16": 9.2072, "\\dfrac{2}{\\sqrt{16}}": 9.058857142857144, "\\dfrac{\\sqrt{33}}{2}": 10.072769230769232, "\\dfrac{3}{2}": 29.011777777777773, "\\dfrac{\\sqrt{49}}{1}": 9.665615384615382, "\\dfrac{\\sqrt{10}}{7}": 10.37830769230769, "\\dfrac{7}{\\sqrt{10}}": 9.836076923076924, "\\dfrac{2^{16}}{\\sin \\left(a_{1}\\right)}": 10.850100000000001, "\\dfrac{\\sqrt{1603}}{3}": 9.49253333333333, "\\dfrac{\\sqrt{3073}}{16}": 9.4455, "\\dfrac{\\sqrt{19}}{2}": 9.966230769230767, "\\dfrac{\\sqrt{61}}{4}": 10.652076923076923, "\\dfrac{\\sqrt{59}}{2}": 10.295, "\\dfrac{\\sqrt{18}}{2}": 9.495923076923075, "\\dfrac{2^{16}}{\\sqrt{65535}}": 9.941947368421054, "\\dfrac{\\sqrt{2}}{\\sin \\left(\\dfrac{\\pi}{4}\\right)}": 9.88704347826087, "\\dfrac{1}{\\sqrt[4]{2}}": 10.190071428571427, "2^{16}": 17.253, "\\dfrac{\\sqrt{19}}{3}": 9.949384615384616, "\\dfrac{2}{\\sqrt{7}}": 30.607416666666666, "\\dfrac{\\sqrt{2} + \\sqrt{6} + \\sqrt{10} + \\sqrt{14} + \\sqrt{18} + \\sqrt{22} + \\sqrt{26} + \\sqrt{30} + \\sqrt{34} + \\sqrt{38} + \\sqrt{42} + \\sqrt{46} + \\sqrt{50} + \\sqrt{54} + \\sqrt{58} + \\sqrt{62}}{2}": 12.218689655172412, "\\dfrac{\\sqrt{26}}{2}": 9.735153846153846, "\\dfrac{\\sqrt{19}}{4}": 10.801230769230768, "\\dfrac{\\sqrt{179}}{3}": 10.262642857142856, "\\dfrac{1}{\\sqrt{19}}": 10.926153846153845, "\\dfrac{\\sqrt{49}}{\\sqrt{3}}": 9.826466666666665, "\\dfrac{\\sqrt{2009}}{1}": 10.643199999999998,