{"min_conf": {"completed_traces": null, "truncated_traces": ["0", {"0": 272.441, "\\dfrac{1}{90}": 9.6949, "\\dfrac{1}{90^{2}}": 27.729961538461538, "-79041560688": 14.973571428571429}], "combined_traces": ["0", {"0": 272.441, "\\dfrac{1}{90}": 9.6949, "\\dfrac{1}{90^{2}}": 27.729961538461538, "-79041560688": 14.973571428571429}]}, "max_conf": {"completed_traces": null, "truncated_traces": ["0", {"0": 240.68200000000002, "\\dfrac{1}{90}": 17.384, "\\dfrac{1}{90^{2}}": 54.36, "-79041560688": 17.256}], "combined_traces": ["0", {"0": 240.68200000000002, "\\dfrac{1}{90}": 17.384, "\\dfrac{1}{90^{2}}": 54.36, "-79041560688": 17.256}]}, "avg_conf": {"completed_traces": null, "truncated_traces": ["0", {"0": 240.68200000000002, "\\dfrac{1}{90}": 9.632375, "\\dfrac{1}{90^{2}}": 28.496000000000002, "-79041560688": 14.924545454545456}], "combined_traces": ["0", {"0": 240.68200000000002, "\\dfrac{1}{90}": 9.632375, "\\dfrac{1}{90^{2}}": 28.496000000000002, "-79041560688": 14.924545454545456}]}, "ground_truth": "-\\frac{2431}{50}"}