{"completed_traces_voting_answer": ["-\\dfrac{2431}{50}", {"-\\dfrac{2431}{50}": 135.07323076923078, "-393822": 20.380285714285716}], "truncated_traces_voting_answer": ["0", {"0": 2054.231, "\\dfrac{1}{90^{2}}": 29.836363636363636, "\\dfrac{1}{90}": 29.087555555555557, "-\\dfrac{2431}{50}": 48.48238461538462, "-\\dfrac{1}{90^{2}}": 9.397833333333333, "-\\dfrac{3811808}{531441 \\times 390625}": 12.307413793103446, "-\\dfrac{2431}{150}": 33.793642857142856, "\\dfrac{2431}{50}": 13.345666666666666, "-\\dfrac{192049}{4050}": 16.08205882352941}], "combined_traces_voting_answer": ["0", {"-\\dfrac{2431}{50}": 183.55561538461538, "-393822": 20.380285714285716, "0": 2054.231, "\\dfrac{1}{90^{2}}": 29.836363636363636, "\\dfrac{1}{90}": 29.087555555555557, "-\\dfrac{1}{90^{2}}": 9.397833333333333, "-\\dfrac{3811808}{531441 \\times 390625}": 12.307413793103446, "-\\dfrac{2431}{150}": 33.793642857142856, "\\dfrac{2431}{50}": 13.345666666666666, "-\\dfrac{192049}{4050}": 16.08205882352941}], "ground_truth": "-\\frac{2431}{50}"}