{"min_conf": {"completed_traces": ["-\\dfrac{2431}{50}", {"-\\dfrac{2431}{50}": 99.30600000000001, "-393822": 16.363}], "truncated_traces": ["0", {"0": 2173.83275, "\\dfrac{1}{90^{2}}": 29.342, "\\dfrac{1}{90}": 28.986499999999996, "-\\dfrac{2431}{50}": 42.182428571428574, "-\\dfrac{1}{90^{2}}": 9.255846153846154, "-\\dfrac{3811808}{531441 \\times 390625}": 12.201799999999997, "-\\dfrac{2431}{150}": 28.523266666666665, "\\dfrac{2431}{50}": 13.344615384615382, "-\\dfrac{192049}{4050}": 15.946055555555555}], "combined_traces": ["0", {"-\\dfrac{2431}{50}": 141.48842857142859, "-393822": 16.363, "0": 2173.83275, "\\dfrac{1}{90^{2}}": 29.342, "\\dfrac{1}{90}": 28.986499999999996, "-\\dfrac{1}{90^{2}}": 9.255846153846154, "-\\dfrac{3811808}{531441 \\times 390625}": 12.201799999999997, "-\\dfrac{2431}{150}": 28.523266666666665, "\\dfrac{2431}{50}": 13.344615384615382, "-\\dfrac{192049}{4050}": 15.946055555555555}]}, "max_conf": {"completed_traces": ["-\\dfrac{2431}{50}", {"-\\dfrac{2431}{50}": 157.019, "-393822": 22.531}], "truncated_traces": ["0", {"0": 2197.9280000000003, "\\dfrac{1}{90^{2}}": 54.738, "\\dfrac{1}{90}": 55.1, "-\\dfrac{2431}{50}": 64.484, "-\\dfrac{1}{90^{2}}": 19.628, "-\\dfrac{3811808}{531441 \\times 390625}": 20.653, "-\\dfrac{2431}{150}": 42.838, "\\dfrac{2431}{50}": 18.038, "-\\dfrac{192049}{4050}": 21.916}], "combined_traces": ["0", {"-\\dfrac{2431}{50}": 221.50300000000001, "-393822": 22.531, "0": 2197.9280000000003, "\\dfrac{1}{90^{2}}": 54.738, "\\dfrac{1}{90}": 55.1, "-\\dfrac{1}{90^{2}}": 19.628, "-\\dfrac{3811808}{531441 \\times 390625}": 20.653, "-\\dfrac{2431}{150}": 42.838, "\\dfrac{2431}{50}": 18.038, "-\\dfrac{192049}{4050}": 21.916}]}, "avg_conf": {"completed_traces": ["-\\dfrac{2431}{50}", {"-\\dfrac{2431}{50}": 135.07323076923078, "-393822": 20.380285714285716}], "truncated_traces": ["0", {"0": 2054.231, "\\dfrac{1}{90^{2}}": 29.836363636363636, "\\dfrac{1}{90}": 29.087555555555557, "-\\dfrac{2431}{50}": 48.48238461538462, "-\\dfrac{1}{90^{2}}": 9.397833333333333, "-\\dfrac{3811808}{531441 \\times 390625}": 12.307413793103446, "-\\dfrac{2431}{150}": 33.793642857142856, "\\dfrac{2431}{50}": 13.345666666666666, "-\\dfrac{192049}{4050}": 16.08205882352941}], "combined_traces": ["0", {"-\\dfrac{2431}{50}": 183.55561538461538, "-393822": 20.380285714285716, "0": 2054.231, "\\dfrac{1}{90^{2}}": 29.836363636363636, "\\dfrac{1}{90}": 29.087555555555557, "-\\dfrac{1}{90^{2}}": 9.397833333333333, "-\\dfrac{3811808}{531441 \\times 390625}": 12.307413793103446, "-\\dfrac{2431}{150}": 33.793642857142856, "\\dfrac{2431}{50}": 13.345666666666666, "-\\dfrac{192049}{4050}": 16.08205882352941}]}, "ground_truth": "-\\frac{2431}{50}"}