{"completed_traces_voting_answer": ["-\\dfrac{2431}{50}", {"-\\dfrac{2431}{50}": 157.019, "-393822": 22.531}], "truncated_traces_voting_answer": ["0", {"0": 2197.9280000000003, "\\dfrac{1}{90^{2}}": 54.738, "\\dfrac{1}{90}": 55.1, "-\\dfrac{2431}{50}": 64.484, "-\\dfrac{1}{90^{2}}": 19.628, "-\\dfrac{3811808}{531441 \\times 390625}": 20.653, "-\\dfrac{2431}{150}": 42.838, "\\dfrac{2431}{50}": 18.038, "-\\dfrac{192049}{4050}": 21.916}], "combined_traces_voting_answer": ["0", {"-\\dfrac{2431}{50}": 221.50300000000001, "-393822": 22.531, "0": 2197.9280000000003, "\\dfrac{1}{90^{2}}": 54.738, "\\dfrac{1}{90}": 55.1, "-\\dfrac{1}{90^{2}}": 19.628, "-\\dfrac{3811808}{531441 \\times 390625}": 20.653, "-\\dfrac{2431}{150}": 42.838, "\\dfrac{2431}{50}": 18.038, "-\\dfrac{192049}{4050}": 21.916}], "ground_truth": "-\\frac{2431}{50}"}