{"completed_traces_voting_answer": ["-\\dfrac{2431}{50}", {"-\\dfrac{2431}{50}": 99.30600000000001, "-393822": 16.363}], "truncated_traces_voting_answer": ["0", {"0": 2173.83275, "\\dfrac{1}{90^{2}}": 29.342, "\\dfrac{1}{90}": 28.986499999999996, "-\\dfrac{2431}{50}": 42.182428571428574, "-\\dfrac{1}{90^{2}}": 9.255846153846154, "-\\dfrac{3811808}{531441 \\times 390625}": 12.201799999999997, "-\\dfrac{2431}{150}": 28.523266666666665, "\\dfrac{2431}{50}": 13.344615384615382, "-\\dfrac{192049}{4050}": 15.946055555555555}], "combined_traces_voting_answer": ["0", {"-\\dfrac{2431}{50}": 141.48842857142859, "-393822": 16.363, "0": 2173.83275, "\\dfrac{1}{90^{2}}": 29.342, "\\dfrac{1}{90}": 28.986499999999996, "-\\dfrac{1}{90^{2}}": 9.255846153846154, "-\\dfrac{3811808}{531441 \\times 390625}": 12.201799999999997, "-\\dfrac{2431}{150}": 28.523266666666665, "\\dfrac{2431}{50}": 13.344615384615382, "-\\dfrac{192049}{4050}": 15.946055555555555}], "ground_truth": "-\\frac{2431}{50}"}