{"min_conf": {"completed_traces": ["\\dfrac{\\sqrt{13}}{2}", {"\\dfrac{\\sqrt{13}}{2}": 428.681, "\\dfrac{17\\sqrt{13}}{28}": 21.119}], "truncated_traces": ["\\dfrac{1}{2}", {"\\dfrac{3}{2}": 22.21888888888889, "\\dfrac{1}{2}": 74.44622222222222, "\\dfrac{7}{2}": 21.854444444444447, "\\dfrac{5\\sqrt{3}}{7}": 12.046285714285716, "\\dfrac{11}{8}": 10.670999999999998, "1": 9.412749999999999, "\\dfrac{3\\sqrt{3}}{2}": 45.55742857142857, "\\dfrac{2\\sqrt{6}}{3}": 33.89142857142857, "\\dfrac{7}{4}": 11.277777777777779, "\\dfrac{13}{2}": 9.929000000000002, "\\dfrac{2 + \\sqrt{3}}{2}": 11.434866666666666, "3": 8.94975, "\\dfrac{7\\sqrt{3}}{8}": 23.930142857142858, "\\dfrac{2\\sqrt{3}}{3}": 45.32071428571428, "\\dfrac{2\\sqrt{21}}{7}": 11.207466666666667, "2": 9.193, "\\dfrac{7}{8}": 11.037666666666667, "\\dfrac{13}{8}": 10.9211, "\\dfrac{2}{7}": 10.335999999999997, "\\dfrac{4\\sqrt{3}}{7}": 22.731214285714287, "\\dfrac{3\\sqrt{3}}{7}": 11.883714285714285, "\\dfrac{1}{4}": 10.76222222222222}], "combined_traces": ["\\dfrac{\\sqrt{13}}{2}", {"\\dfrac{\\sqrt{13}}{2}": 428.681, "\\dfrac{17\\sqrt{13}}{28}": 21.119, "\\dfrac{3}{2}": 22.21888888888889, "\\dfrac{1}{2}": 74.44622222222222, "\\dfrac{7}{2}": 21.854444444444447, "\\dfrac{5\\sqrt{3}}{7}": 12.046285714285716, "\\dfrac{11}{8}": 10.670999999999998, "1": 9.412749999999999, "\\dfrac{3\\sqrt{3}}{2}": 45.55742857142857, "\\dfrac{2\\sqrt{6}}{3}": 33.89142857142857, "\\dfrac{7}{4}": 11.277777777777779, "\\dfrac{13}{2}": 9.929000000000002, "\\dfrac{2 + \\sqrt{3}}{2}": 11.434866666666666, "3": 8.94975, "\\dfrac{7\\sqrt{3}}{8}": 23.930142857142858, "\\dfrac{2\\sqrt{3}}{3}": 45.32071428571428, "\\dfrac{2\\sqrt{21}}{7}": 11.207466666666667, "2": 9.193, "\\dfrac{7}{8}": 11.037666666666667, "\\dfrac{13}{8}": 10.9211, "\\dfrac{2}{7}": 10.335999999999997, "\\dfrac{4\\sqrt{3}}{7}": 22.731214285714287, "\\dfrac{3\\sqrt{3}}{7}": 11.883714285714285, "\\dfrac{1}{4}": 10.76222222222222}]}, "max_conf": {"completed_traces": ["\\dfrac{\\sqrt{13}}{2}", {"\\dfrac{\\sqrt{13}}{2}": 634.424, "\\dfrac{17\\sqrt{13}}{28}": 28.238}], "truncated_traces": ["\\dfrac{1}{2}", {"\\dfrac{3}{2}": 36.722, "\\dfrac{1}{2}": 128.502, "\\dfrac{7}{2}": 36.607, "\\dfrac{5\\sqrt{3}}{7}": 18.475, "\\dfrac{11}{8}": 17.828, "1": 7.345, "\\dfrac{3\\sqrt{3}}{2}": 71.489, "\\dfrac{2\\sqrt{6}}{3}": 52.819, "\\dfrac{7}{4}": 19.025, "\\dfrac{13}{2}": 17.891, "\\dfrac{2 + \\sqrt{3}}{2}": 18.425, "3": 7.286, "\\dfrac{7\\sqrt{3}}{8}": 37.906, "\\dfrac{2\\sqrt{3}}{3}": 70.726, "\\dfrac{2\\sqrt{21}}{7}": 17.531, "2": 7.223, "\\dfrac{7}{8}": 18.553, "\\dfrac{13}{8}": 18.153, "\\dfrac{2}{7}": 18.634, "\\dfrac{4\\sqrt{3}}{7}": 35.116, "\\dfrac{3\\sqrt{3}}{7}": 18.659, "\\dfrac{1}{4}": 18.691}], "combined_traces": ["\\dfrac{\\sqrt{13}}{2}", {"\\dfrac{\\sqrt{13}}{2}": 634.424, "\\dfrac{17\\sqrt{13}}{28}": 28.238, "\\dfrac{3}{2}": 36.722, "\\dfrac{1}{2}": 128.502, "\\dfrac{7}{2}": 36.607, "\\dfrac{5\\sqrt{3}}{7}": 18.475, "\\dfrac{11}{8}": 17.828, "1": 7.345, "\\dfrac{3\\sqrt{3}}{2}": 71.489, "\\dfrac{2\\sqrt{6}}{3}": 52.819, "\\dfrac{7}{4}": 19.025, "\\dfrac{13}{2}": 17.891, "\\dfrac{2 + \\sqrt{3}}{2}": 18.425, "3": 7.286, "\\dfrac{7\\sqrt{3}}{8}": 37.906, "\\dfrac{2\\sqrt{3}}{3}": 70.726, "\\dfrac{2\\sqrt{21}}{7}": 17.531, "2": 7.223, "\\dfrac{7}{8}": 18.553, "\\dfrac{13}{8}": 18.153, "\\dfrac{2}{7}": 18.634, "\\dfrac{4\\sqrt{3}}{7}": 35.116, "\\dfrac{3\\sqrt{3}}{7}": 18.659, "\\dfrac{1}{4}": 18.691}]}, "avg_conf": {"completed_traces": ["\\dfrac{\\sqrt{13}}{2}", {"\\dfrac{\\sqrt{13}}{2}": 523.7840909090909, "\\dfrac{17\\sqrt{13}}{28}": 24.198733333333333}], "truncated_traces": ["\\dfrac{1}{2}", {"\\dfrac{3}{2}": 22.440285714285714, "\\dfrac{1}{2}": 74.63214285714285, "\\dfrac{7}{2}": 22.42928571428571, "\\dfrac{5\\sqrt{3}}{7}": 12.297666666666666, "\\dfrac{11}{8}": 10.73825, "1": 7.345, "\\dfrac{3\\sqrt{3}}{2}": 46.73708333333334, "\\dfrac{2\\sqrt{6}}{3}": 34.287166666666664, "\\dfrac{7}{4}": 11.428857142857142, "\\dfrac{13}{2}": 9.947875, "\\dfrac{2 + \\sqrt{3}}{2}": 11.613923076923076, "3": 7.286, "\\dfrac{7\\sqrt{3}}{8}": 24.514250000000004, "\\dfrac{2\\sqrt{3}}{3}": 46.024166666666666, "\\dfrac{2\\sqrt{21}}{7}": 11.332692307692307, "2": 7.223, "\\dfrac{7}{8}": 11.217285714285714, "\\dfrac{13}{8}": 10.908874999999998, "\\dfrac{2}{7}": 10.576285714285714, "\\dfrac{4\\sqrt{3}}{7}": 23.07733333333333, "\\dfrac{3\\sqrt{3}}{7}": 12.115416666666667, "\\dfrac{1}{4}": 10.844714285714286}], "combined_traces": ["\\dfrac{\\sqrt{13}}{2}", {"\\dfrac{\\sqrt{13}}{2}": 523.7840909090909, "\\dfrac{17\\sqrt{13}}{28}": 24.198733333333333, "\\dfrac{3}{2}": 22.440285714285714, "\\dfrac{1}{2}": 74.63214285714285, "\\dfrac{7}{2}": 22.42928571428571, "\\dfrac{5\\sqrt{3}}{7}": 12.297666666666666, "\\dfrac{11}{8}": 10.73825, "1": 7.345, "\\dfrac{3\\sqrt{3}}{2}": 46.73708333333334, "\\dfrac{2\\sqrt{6}}{3}": 34.287166666666664, "\\dfrac{7}{4}": 11.428857142857142, "\\dfrac{13}{2}": 9.947875, "\\dfrac{2 + \\sqrt{3}}{2}": 11.613923076923076, "3": 7.286, "\\dfrac{7\\sqrt{3}}{8}": 24.514250000000004, "\\dfrac{2\\sqrt{3}}{3}": 46.024166666666666, "\\dfrac{2\\sqrt{21}}{7}": 11.332692307692307, "2": 7.223, "\\dfrac{7}{8}": 11.217285714285714, "\\dfrac{13}{8}": 10.908874999999998, "\\dfrac{2}{7}": 10.576285714285714, "\\dfrac{4\\sqrt{3}}{7}": 23.07733333333333, "\\dfrac{3\\sqrt{3}}{7}": 12.115416666666667, "\\dfrac{1}{4}": 10.844714285714286}]}, "ground_truth": "\\frac{\\sqrt{13}}{2}"}