{"completed_traces_voting_answer": ["2^{99}", {"2^{99}": 1509.8154999999995}], "truncated_traces_voting_answer": ["2^{99}", {"2^{99}": 2452.064833333332, "\\dfrac{1}{100}": 23.800800000000002, "\\dfrac{1}{1024}": 12.070272727272727, "0": 8.8095}], "combined_traces_voting_answer": ["2^{99}", {"2^{99}": 3961.8803333333303, "\\dfrac{1}{100}": 23.800800000000002, "\\dfrac{1}{1024}": 12.070272727272727, "0": 8.8095}], "ground_truth": "2^{99}"}