{"min_conf": {"completed_traces": ["2^{99}", {"2^{99}": 963.3629999999996}], "truncated_traces": ["2^{99}", {"2^{99}": 2429.934142857143, "\\dfrac{1}{100}": 23.36709090909091, "\\dfrac{1}{1024}": 11.96975, "0": 9.744}], "combined_traces": ["2^{99}", {"2^{99}": 3393.297142857142, "\\dfrac{1}{100}": 23.36709090909091, "\\dfrac{1}{1024}": 11.96975, "0": 9.744}]}, "max_conf": {"completed_traces": ["2^{99}", {"2^{99}": 1994.976}], "truncated_traces": ["2^{99}", {"2^{99}": 3026.2250000000017, "\\dfrac{1}{100}": 38.169, "\\dfrac{1}{1024}": 19.819, "0": 10.227}], "combined_traces": ["2^{99}", {"2^{99}": 5021.200999999997, "\\dfrac{1}{100}": 38.169, "\\dfrac{1}{1024}": 19.819, "0": 10.227}]}, "avg_conf": {"completed_traces": ["2^{99}", {"2^{99}": 1509.8154999999995}], "truncated_traces": ["2^{99}", {"2^{99}": 2452.064833333332, "\\dfrac{1}{100}": 23.800800000000002, "\\dfrac{1}{1024}": 12.070272727272727, "0": 8.8095}], "combined_traces": ["2^{99}", {"2^{99}": 3961.8803333333303, "\\dfrac{1}{100}": 23.800800000000002, "\\dfrac{1}{1024}": 12.070272727272727, "0": 8.8095}]}, "ground_truth": "2^{99}"}