{"completed_traces_voting_answer": ["2^{99}", {"2^{99}": 1994.976}], "truncated_traces_voting_answer": ["2^{99}", {"2^{99}": 3026.2250000000017, "\\dfrac{1}{100}": 38.169, "\\dfrac{1}{1024}": 19.819, "0": 10.227}], "combined_traces_voting_answer": ["2^{99}", {"2^{99}": 5021.200999999997, "\\dfrac{1}{100}": 38.169, "\\dfrac{1}{1024}": 19.819, "0": 10.227}], "ground_truth": "2^{99}"}