{"completed_traces_voting_answer": ["2^{99}", {"2^{99}": 963.3629999999996}], "truncated_traces_voting_answer": ["2^{99}", {"2^{99}": 2429.934142857143, "\\dfrac{1}{100}": 23.36709090909091, "\\dfrac{1}{1024}": 11.96975, "0": 9.744}], "combined_traces_voting_answer": ["2^{99}", {"2^{99}": 3393.297142857142, "\\dfrac{1}{100}": 23.36709090909091, "\\dfrac{1}{1024}": 11.96975, "0": 9.744}], "ground_truth": "2^{99}"}