{"min_conf": {"completed_traces": ["\\dfrac{1 + \\sqrt{31}}{2}", {"\\sqrt{\\dfrac{16 + \\sqrt{31}}{2}}": 16.247, "\\dfrac{1 + \\sqrt{31}}{2}": 121.01500000000001, "R=\\sqrt{\\dfrac{16+\\sqrt{31}}{2}}": 11.985, "\\dfrac{1+\\sqrt{31}}{2}": 54.165000000000006}], "truncated_traces": ["3", {"2": 96.85175, "2\\sqrt{2}": 19.98625, "3": 232.49025000000003, "\\dfrac{1 + \\sqrt{31}}{2}": 73.12993750000001, "R": 27.7445, "3\\sqrt{3}": 9.160375, "\\dfrac{2\\sqrt{5}}{1}": 10.626142857142858, "\\dfrac{1+\\sqrt{31}}{2}": 27.995466666666662, "5": 9.6755}], "combined_traces": ["3", {"\\sqrt{\\dfrac{16 + \\sqrt{31}}{2}}": 16.247, "\\dfrac{1 + \\sqrt{31}}{2}": 194.1449375, "R=\\sqrt{\\dfrac{16+\\sqrt{31}}{2}}": 11.985, "\\dfrac{1+\\sqrt{31}}{2}": 82.16046666666668, "2": 96.85175, "2\\sqrt{2}": 19.98625, "3": 232.49025000000003, "R": 27.7445, "3\\sqrt{3}": 9.160375, "\\dfrac{2\\sqrt{5}}{1}": 10.626142857142858, "5": 9.6755}]}, "max_conf": {"completed_traces": ["\\dfrac{1 + \\sqrt{31}}{2}", {"\\sqrt{\\dfrac{16 + \\sqrt{31}}{2}}": 23.219, "\\dfrac{1 + \\sqrt{31}}{2}": 176.658, "R=\\sqrt{\\dfrac{16+\\sqrt{31}}{2}}": 22.925, "\\dfrac{1+\\sqrt{31}}{2}": 75.656}], "truncated_traces": ["3", {"2": 68.37, "2\\sqrt{2}": 25.141, "3": 170.64800000000002, "\\dfrac{1 + \\sqrt{31}}{2}": 100.876, "R": 20.799999999999997, "3\\sqrt{3}": 11.106, "\\dfrac{2\\sqrt{5}}{1}": 16.525, "\\dfrac{1+\\sqrt{31}}{2}": 38.932, "5": 7.275}], "combined_traces": ["\\dfrac{1 + \\sqrt{31}}{2}", {"\\sqrt{\\dfrac{16 + \\sqrt{31}}{2}}": 23.219, "\\dfrac{1 + \\sqrt{31}}{2}": 277.534, "R=\\sqrt{\\dfrac{16+\\sqrt{31}}{2}}": 22.925, "\\dfrac{1+\\sqrt{31}}{2}": 114.58800000000001, "2": 68.37, "2\\sqrt{2}": 25.141, "3": 170.64800000000002, "R": 20.799999999999997, "3\\sqrt{3}": 11.106, "\\dfrac{2\\sqrt{5}}{1}": 16.525, "5": 7.275}]}, "avg_conf": {"completed_traces": ["\\dfrac{1 + \\sqrt{31}}{2}", {"\\sqrt{\\dfrac{16 + \\sqrt{31}}{2}}": 19.792941176470585, "\\dfrac{1 + \\sqrt{31}}{2}": 146.106, "R=\\sqrt{\\dfrac{16+\\sqrt{31}}{2}}": 18.843555555555554, "\\dfrac{1+\\sqrt{31}}{2}": 64.24415384615385}], "truncated_traces": ["3", {"2": 68.37, "2\\sqrt{2}": 19.433666666666667, "3": 170.64800000000002, "\\dfrac{1 + \\sqrt{31}}{2}": 73.73221428571428, "R": 20.799999999999997, "3\\sqrt{3}": 8.471833333333334, "\\dfrac{2\\sqrt{5}}{1}": 10.935833333333335, "\\dfrac{1+\\sqrt{31}}{2}": 28.34246153846153, "5": 7.275}], "combined_traces": ["\\dfrac{1 + \\sqrt{31}}{2}", {"\\sqrt{\\dfrac{16 + \\sqrt{31}}{2}}": 19.792941176470585, "\\dfrac{1 + \\sqrt{31}}{2}": 219.83821428571426, "R=\\sqrt{\\dfrac{16+\\sqrt{31}}{2}}": 18.843555555555554, "\\dfrac{1+\\sqrt{31}}{2}": 92.58661538461538, "2": 68.37, "2\\sqrt{2}": 19.433666666666667, "3": 170.64800000000002, "R": 20.799999999999997, "3\\sqrt{3}": 8.471833333333334, "\\dfrac{2\\sqrt{5}}{1}": 10.935833333333335, "5": 7.275}]}, "ground_truth": "\\frac{1+\\sqrt{31}}{2}"}