{"completed_traces_voting_answer": ["1+\\sqrt{3}", {"1+\\sqrt{3}": 873.9864285714286, "1 + \\sqrt{3}": 89.50500000000001, "2 + \\sqrt{2}": 41.739}], "truncated_traces_voting_answer": ["4", {"4": 1206.7889999999998, "2": 551.373, "2 + \\sqrt{2}": 78.846375, "2\\sqrt{2}": 212.62871428571432, "1 + \\sqrt{3}": 69.27912500000001, "2+\\sqrt{2}": 68.22871428571428, "1+\\sqrt{3}": 98.98957142857144}], "combined_traces_voting_answer": ["4", {"1+\\sqrt{3}": 972.976, "1 + \\sqrt{3}": 158.78412500000005, "2 + \\sqrt{2}": 120.585375, "4": 1206.7889999999998, "2": 551.373, "2\\sqrt{2}": 212.62871428571432, "2+\\sqrt{2}": 68.22871428571428}], "ground_truth": "1+\\sqrt{3}"}