{"min_conf": {"completed_traces": ["1+\\sqrt{3}", {"1+\\sqrt{3}": 579.9370000000001, "1 + \\sqrt{3}": 59.016999999999996, "2 + \\sqrt{2}": 29.326}], "truncated_traces": ["4", {"4": 1202.3829999999996, "2": 516.45875, "2 + \\sqrt{2}": 77.43166666666667, "2\\sqrt{2}": 207.08162499999997, "1 + \\sqrt{3}": 67.387, "2+\\sqrt{2}": 66.244, "1+\\sqrt{3}": 96.47187500000001}], "combined_traces": ["4", {"1+\\sqrt{3}": 676.408875, "1 + \\sqrt{3}": 126.404, "2 + \\sqrt{2}": 106.75766666666667, "4": 1202.3829999999996, "2": 516.45875, "2\\sqrt{2}": 207.08162499999997, "2+\\sqrt{2}": 66.244}]}, "max_conf": {"completed_traces": ["1+\\sqrt{3}", {"1+\\sqrt{3}": 1068.935, "1 + \\sqrt{3}": 115.538, "2 + \\sqrt{2}": 52.178}], "truncated_traces": ["4", {"4": 1374.001, "2": 624.3799999999999, "2 + \\sqrt{2}": 105.071, "2\\sqrt{2}": 255.578, "1 + \\sqrt{3}": 100.274, "2+\\sqrt{2}": 94.335, "1+\\sqrt{3}": 141.006}], "combined_traces": ["4", {"1+\\sqrt{3}": 1209.941, "1 + \\sqrt{3}": 215.812, "2 + \\sqrt{2}": 157.249, "4": 1374.001, "2": 624.3799999999999, "2\\sqrt{2}": 255.578, "2+\\sqrt{2}": 94.335}]}, "avg_conf": {"completed_traces": ["1+\\sqrt{3}", {"1+\\sqrt{3}": 873.9864285714286, "1 + \\sqrt{3}": 89.50500000000001, "2 + \\sqrt{2}": 41.739}], "truncated_traces": ["4", {"4": 1206.7889999999998, "2": 551.373, "2 + \\sqrt{2}": 78.846375, "2\\sqrt{2}": 212.62871428571432, "1 + \\sqrt{3}": 69.27912500000001, "2+\\sqrt{2}": 68.22871428571428, "1+\\sqrt{3}": 98.98957142857144}], "combined_traces": ["4", {"1+\\sqrt{3}": 972.976, "1 + \\sqrt{3}": 158.78412500000005, "2 + \\sqrt{2}": 120.585375, "4": 1206.7889999999998, "2": 551.373, "2\\sqrt{2}": 212.62871428571432, "2+\\sqrt{2}": 68.22871428571428}]}, "ground_truth": "1+\\sqrt{3}"}