{"completed_traces_voting_answer": ["1+\\sqrt{3}", {"1+\\sqrt{3}": 1068.935, "1 + \\sqrt{3}": 115.538, "2 + \\sqrt{2}": 52.178}], "truncated_traces_voting_answer": ["4", {"4": 1374.001, "2": 624.3799999999999, "2 + \\sqrt{2}": 105.071, "2\\sqrt{2}": 255.578, "1 + \\sqrt{3}": 100.274, "2+\\sqrt{2}": 94.335, "1+\\sqrt{3}": 141.006}], "combined_traces_voting_answer": ["4", {"1+\\sqrt{3}": 1209.941, "1 + \\sqrt{3}": 215.812, "2 + \\sqrt{2}": 157.249, "4": 1374.001, "2": 624.3799999999999, "2\\sqrt{2}": 255.578, "2+\\sqrt{2}": 94.335}], "ground_truth": "1+\\sqrt{3}"}