{"completed_traces_voting_answer": ["1+\\sqrt{3}", {"1+\\sqrt{3}": 579.9370000000001, "1 + \\sqrt{3}": 59.016999999999996, "2 + \\sqrt{2}": 29.326}], "truncated_traces_voting_answer": ["4", {"4": 1202.3829999999996, "2": 516.45875, "2 + \\sqrt{2}": 77.43166666666667, "2\\sqrt{2}": 207.08162499999997, "1 + \\sqrt{3}": 67.387, "2+\\sqrt{2}": 66.244, "1+\\sqrt{3}": 96.47187500000001}], "combined_traces_voting_answer": ["4", {"1+\\sqrt{3}": 676.408875, "1 + \\sqrt{3}": 126.404, "2 + \\sqrt{2}": 106.75766666666667, "4": 1202.3829999999996, "2": 516.45875, "2\\sqrt{2}": 207.08162499999997, "2+\\sqrt{2}": 66.244}], "ground_truth": "1+\\sqrt{3}"}