{"min_conf": {"completed_traces": ["\\dfrac{1}{9}", {"\\dfrac{1}{9}": 282.889}], "truncated_traces": ["\\dfrac{1}{9}", {"\\dfrac{11}{408}": 11.518500000000001, "\\dfrac{1}{9}": 329.43844444444443, "\\dfrac{1}{408}\\left(\\dfrac{1}{3} + \\dfrac{5}{9}\\right)": 11.731516129032256, "\\dfrac{2}{17}": 32.9094, "\\dfrac{2}{3}": 11.239666666666666, "\\dfrac{32}{459}": 12.656178947368423, "\\dfrac{14}{9}": 10.487799999999998, "f(3) = \\dfrac{5 \\cdot 3^{2} + \\dfrac{1}{3}}{24 \\times 17} = \\dfrac{45 + \\dfrac{1}{3}}{408} = \\dfrac{\\dfrac{136}{3}}{408} = \\dfrac{136}{3 \\times 408} = \\dfrac{136}{1224} = \\dfrac{17}{153}": 14.227241666666677, "\\dfrac{1}{12} \\left(5 + \\dfrac{1}{3}\\right)": 10.329279999999999, "\\dfrac{9}{17}": 11.0136, "\\dfrac{14}{408}": 11.131833333333333, "\\dfrac{3}{17}": 32.5012, "\\dfrac{3}{68}": 11.708000000000002, "\\dfrac{6}{17}": 11.177200000000001, "\\dfrac{1}{3}": 32.747888888888895, "\\dfrac{7}{102}": 10.922363636363638, "\\dfrac{1}{17}": 10.577200000000001, "f(3)": 9.563999999999998, "\\dfrac{1}{408}": 10.452181818181819, "\\dfrac{4}{17}": 11.1389, "\\dfrac{17}{153}": 13.963943089430897, "f(3) = \\dfrac{3}{408} + \\dfrac{5}{408 \\cdot 9} = \\dfrac{3}{408} + \\dfrac{5}{3672}": 11.655709090909097, "\\dfrac{25}{612}": 13.414507987220444}], "combined_traces": ["\\dfrac{1}{9}", {"\\dfrac{1}{9}": 612.3274444444446, "\\dfrac{11}{408}": 11.518500000000001, "\\dfrac{1}{408}\\left(\\dfrac{1}{3} + \\dfrac{5}{9}\\right)": 11.731516129032256, "\\dfrac{2}{17}": 32.9094, "\\dfrac{2}{3}": 11.239666666666666, "\\dfrac{32}{459}": 12.656178947368423, "\\dfrac{14}{9}": 10.487799999999998, "f(3) = \\dfrac{5 \\cdot 3^{2} + \\dfrac{1}{3}}{24 \\times 17} = \\dfrac{45 + \\dfrac{1}{3}}{408} = \\dfrac{\\dfrac{136}{3}}{408} = \\dfrac{136}{3 \\times 408} = \\dfrac{136}{1224} = \\dfrac{17}{153}": 14.227241666666677, "\\dfrac{1}{12} \\left(5 + \\dfrac{1}{3}\\right)": 10.329279999999999, "\\dfrac{9}{17}": 11.0136, "\\dfrac{14}{408}": 11.131833333333333, "\\dfrac{3}{17}": 32.5012, "\\dfrac{3}{68}": 11.708000000000002, "\\dfrac{6}{17}": 11.177200000000001, "\\dfrac{1}{3}": 32.747888888888895, "\\dfrac{7}{102}": 10.922363636363638, "\\dfrac{1}{17}": 10.577200000000001, "f(3)": 9.563999999999998, "\\dfrac{1}{408}": 10.452181818181819, "\\dfrac{4}{17}": 11.1389, "\\dfrac{17}{153}": 13.963943089430897, "f(3) = \\dfrac{3}{408} + \\dfrac{5}{408 \\cdot 9} = \\dfrac{3}{408} + \\dfrac{5}{3672}": 11.655709090909097, "\\dfrac{25}{612}": 13.414507987220444}]}, "max_conf": {"completed_traces": ["\\dfrac{1}{9}", {"\\dfrac{1}{9}": 406.02}], "truncated_traces": ["\\dfrac{1}{9}", {"\\dfrac{11}{408}": 20.353, "\\dfrac{1}{9}": 471.20399999999995, "\\dfrac{1}{408}\\left(\\dfrac{1}{3} + \\dfrac{5}{9}\\right)": 20.391, "\\dfrac{2}{17}": 61.68, "\\dfrac{2}{3}": 20.212, "\\dfrac{32}{459}": 20.906, "\\dfrac{14}{9}": 20.469, "f(3) = \\dfrac{5 \\cdot 3^{2} + \\dfrac{1}{3}}{24 \\times 17} = \\dfrac{45 + \\dfrac{1}{3}}{408} = \\dfrac{\\dfrac{136}{3}}{408} = \\dfrac{136}{3 \\times 408} = \\dfrac{136}{1224} = \\dfrac{17}{153}": 21.138, "\\dfrac{1}{12} \\left(5 + \\dfrac{1}{3}\\right)": 20.066, "\\dfrac{9}{17}": 19.694, "\\dfrac{14}{408}": 20.15, "\\dfrac{3}{17}": 60.910000000000004, "\\dfrac{3}{68}": 20.569, "\\dfrac{6}{17}": 20.7, "\\dfrac{1}{3}": 61.632000000000005, "\\dfrac{7}{102}": 20.15, "\\dfrac{1}{17}": 20.338, "f(3)": 12.663, "\\dfrac{1}{408}": 20.506, "\\dfrac{4}{17}": 20.675, "\\dfrac{17}{153}": 17.309, "f(3) = \\dfrac{3}{408} + \\dfrac{5}{408 \\cdot 9} = \\dfrac{3}{408} + \\dfrac{5}{3672}": 20.222, "\\dfrac{25}{612}": 19.812}], "combined_traces": ["\\dfrac{1}{9}", {"\\dfrac{1}{9}": 877.224, "\\dfrac{11}{408}": 20.353, "\\dfrac{1}{408}\\left(\\dfrac{1}{3} + \\dfrac{5}{9}\\right)": 20.391, "\\dfrac{2}{17}": 61.68, "\\dfrac{2}{3}": 20.212, "\\dfrac{32}{459}": 20.906, "\\dfrac{14}{9}": 20.469, "f(3) = \\dfrac{5 \\cdot 3^{2} + \\dfrac{1}{3}}{24 \\times 17} = \\dfrac{45 + \\dfrac{1}{3}}{408} = \\dfrac{\\dfrac{136}{3}}{408} = \\dfrac{136}{3 \\times 408} = \\dfrac{136}{1224} = \\dfrac{17}{153}": 21.138, "\\dfrac{1}{12} \\left(5 + \\dfrac{1}{3}\\right)": 20.066, "\\dfrac{9}{17}": 19.694, "\\dfrac{14}{408}": 20.15, "\\dfrac{3}{17}": 60.910000000000004, "\\dfrac{3}{68}": 20.569, "\\dfrac{6}{17}": 20.7, "\\dfrac{1}{3}": 61.632000000000005, "\\dfrac{7}{102}": 20.15, "\\dfrac{1}{17}": 20.338, "f(3)": 12.663, "\\dfrac{1}{408}": 20.506, "\\dfrac{4}{17}": 20.675, "\\dfrac{17}{153}": 17.309, "f(3) = \\dfrac{3}{408} + \\dfrac{5}{408 \\cdot 9} = \\dfrac{3}{408} + \\dfrac{5}{3672}": 20.222, "\\dfrac{25}{612}": 19.812}]}, "avg_conf": {"completed_traces": ["\\dfrac{1}{9}", {"\\dfrac{1}{9}": 348.4544285714285}], "truncated_traces": ["\\dfrac{1}{9}", {"\\dfrac{11}{408}": 11.5251, "\\dfrac{1}{9}": 333.9841428571429, "\\dfrac{1}{408}\\left(\\dfrac{1}{3} + \\dfrac{5}{9}\\right)": 11.92162068965517, "\\dfrac{2}{17}": 32.8895, "\\dfrac{2}{3}": 11.135285714285715, "\\dfrac{32}{459}": 15.725399999999999, "\\dfrac{14}{9}": 10.34675, "f(3) = \\dfrac{5 \\cdot 3^{2} + \\dfrac{1}{3}}{24 \\times 17} = \\dfrac{45 + \\dfrac{1}{3}}{408} = \\dfrac{\\dfrac{136}{3}}{408} = \\dfrac{136}{3 \\times 408} = \\dfrac{136}{1224} = \\dfrac{17}{153}": 14.305822033898304, "\\dfrac{1}{12} \\left(5 + \\dfrac{1}{3}\\right)": 10.46482608695652, "\\dfrac{9}{17}": 10.908125, "\\dfrac{14}{408}": 11.438300000000002, "\\dfrac{3}{17}": 32.370374999999996, "\\dfrac{3}{68}": 11.751000000000001, "\\dfrac{6}{17}": 11.195, "\\dfrac{1}{3}": 33.09757142857143, "\\dfrac{7}{102}": 10.876555555555553, "\\dfrac{1}{17}": 10.690875, "f(3)": 9.931999999999999, "\\dfrac{1}{408}": 10.443555555555555, "\\dfrac{4}{17}": 11.073875000000001, "\\dfrac{17}{153}": 14.8152, "f(3) = \\dfrac{3}{408} + \\dfrac{5}{408 \\cdot 9} = \\dfrac{3}{408} + \\dfrac{5}{3672}": 11.782584905660379, "\\dfrac{25}{612}": 14.8396}], "combined_traces": ["\\dfrac{1}{9}", {"\\dfrac{1}{9}": 682.4385714285712, "\\dfrac{11}{408}": 11.5251, "\\dfrac{1}{408}\\left(\\dfrac{1}{3} + \\dfrac{5}{9}\\right)": 11.92162068965517, "\\dfrac{2}{17}": 32.8895, "\\dfrac{2}{3}": 11.135285714285715, "\\dfrac{32}{459}": 15.725399999999999, "\\dfrac{14}{9}": 10.34675, "f(3) = \\dfrac{5 \\cdot 3^{2} + \\dfrac{1}{3}}{24 \\times 17} = \\dfrac{45 + \\dfrac{1}{3}}{408} = \\dfrac{\\dfrac{136}{3}}{408} = \\dfrac{136}{3 \\times 408} = \\dfrac{136}{1224} = \\dfrac{17}{153}": 14.305822033898304, "\\dfrac{1}{12} \\left(5 + \\dfrac{1}{3}\\right)": 10.46482608695652, "\\dfrac{9}{17}": 10.908125, "\\dfrac{14}{408}": 11.438300000000002, "\\dfrac{3}{17}": 32.370374999999996, "\\dfrac{3}{68}": 11.751000000000001, "\\dfrac{6}{17}": 11.195, "\\dfrac{1}{3}": 33.09757142857143, "\\dfrac{7}{102}": 10.876555555555553, "\\dfrac{1}{17}": 10.690875, "f(3)": 9.931999999999999, "\\dfrac{1}{408}": 10.443555555555555, "\\dfrac{4}{17}": 11.073875000000001, "\\dfrac{17}{153}": 14.8152, "f(3) = \\dfrac{3}{408} + \\dfrac{5}{408 \\cdot 9} = \\dfrac{3}{408} + \\dfrac{5}{3672}": 11.782584905660379, "\\dfrac{25}{612}": 14.8396}]}, "ground_truth": "\\frac{1}{9}"}