{"min_conf": {"completed_traces": ["3+2\\sqrt{2}", {"3+2\\sqrt{2}": 171.65, "answer.\n\nBut is there another condition? We have C at (c,0), with c=3+2\u221a2, B at (-3,0), so BC is from (-3,0) to (3+2\u221a2,0), so length BC = c - (-3) = 3+2\u221a2 +3 = 6+2\u221a2.\n\nNow, circumradius, but I think it's fine.\n\nBut the problem gave OD=2 and BD=3, but didn't specify DC or anything, so probably this is it.\n\nBut let me see if there is another solution.\n\nEarlier, when I solved (c-3)^2 + (c-3)^2 =16, I got c-3=2\u221a2 or c-3=-2\u221a2.\n\nc-3": 5.242}], "truncated_traces": ["3+2\\sqrt{2}", {"3+2\\sqrt{2}": 676.0701, "6": 528.77175, "4": 164.46050000000002, "12": 10.360199999999999, "3 + 2\\sqrt{2}": 57.852363636363634, "3": 10.999, "3\\sqrt{2}": 11.07375, "2": 9.909749999999999}], "combined_traces": ["3+2\\sqrt{2}", {"3+2\\sqrt{2}": 847.7200999999999, "answer.\n\nBut is there another condition? We have C at (c,0), with c=3+2\u221a2, B at (-3,0), so BC is from (-3,0) to (3+2\u221a2,0), so length BC = c - (-3) = 3+2\u221a2 +3 = 6+2\u221a2.\n\nNow, circumradius, but I think it's fine.\n\nBut the problem gave OD=2 and BD=3, but didn't specify DC or anything, so probably this is it.\n\nBut let me see if there is another solution.\n\nEarlier, when I solved (c-3)^2 + (c-3)^2 =16, I got c-3=2\u221a2 or c-3=-2\u221a2.\n\nc-3": 5.242, "6": 528.77175, "4": 164.46050000000002, "12": 10.360199999999999, "3 + 2\\sqrt{2}": 57.852363636363634, "3": 10.999, "3\\sqrt{2}": 11.07375, "2": 9.909749999999999}]}, "max_conf": {"completed_traces": ["3+2\\sqrt{2}", {"3+2\\sqrt{2}": 208.88400000000001, "answer.\n\nBut is there another condition? We have C at (c,0), with c=3+2\u221a2, B at (-3,0), so BC is from (-3,0) to (3+2\u221a2,0), so length BC = c - (-3) = 3+2\u221a2 +3 = 6+2\u221a2.\n\nNow, circumradius, but I think it's fine.\n\nBut the problem gave OD=2 and BD=3, but didn't specify DC or anything, so probably this is it.\n\nBut let me see if there is another solution.\n\nEarlier, when I solved (c-3)^2 + (c-3)^2 =16, I got c-3=2\u221a2 or c-3=-2\u221a2.\n\nc-3": 28.169}], "truncated_traces": ["3+2\\sqrt{2}", {"3+2\\sqrt{2}": 854.3380000000002, "6": 421.82700000000006, "4": 131.756, "12": 7.589, "3 + 2\\sqrt{2}": 71.013, "3": 9.474, "3\\sqrt{2}": 14.925, "2": 8.559}], "combined_traces": ["3+2\\sqrt{2}", {"3+2\\sqrt{2}": 1063.2220000000004, "answer.\n\nBut is there another condition? We have C at (c,0), with c=3+2\u221a2, B at (-3,0), so BC is from (-3,0) to (3+2\u221a2,0), so length BC = c - (-3) = 3+2\u221a2 +3 = 6+2\u221a2.\n\nNow, circumradius, but I think it's fine.\n\nBut the problem gave OD=2 and BD=3, but didn't specify DC or anything, so probably this is it.\n\nBut let me see if there is another solution.\n\nEarlier, when I solved (c-3)^2 + (c-3)^2 =16, I got c-3=2\u221a2 or c-3=-2\u221a2.\n\nc-3": 28.169, "6": 421.82700000000006, "4": 131.756, "12": 7.589, "3 + 2\\sqrt{2}": 71.013, "3": 9.474, "3\\sqrt{2}": 14.925, "2": 8.559}]}, "avg_conf": {"completed_traces": ["3+2\\sqrt{2}", {"3+2\\sqrt{2}": 190.40137499999997, "answer.\n\nBut is there another condition? We have C at (c,0), with c=3+2\u221a2, B at (-3,0), so BC is from (-3,0) to (3+2\u221a2,0), so length BC = c - (-3) = 3+2\u221a2 +3 = 6+2\u221a2.\n\nNow, circumradius, but I think it's fine.\n\nBut the problem gave OD=2 and BD=3, but didn't specify DC or anything, so probably this is it.\n\nBut let me see if there is another solution.\n\nEarlier, when I solved (c-3)^2 + (c-3)^2 =16, I got c-3=2\u221a2 or c-3=-2\u221a2.\n\nc-3": 16.316166666666668}], "truncated_traces": ["3+2\\sqrt{2}", {"3+2\\sqrt{2}": 670.7578749999999, "6": 421.82700000000006, "4": 131.756, "12": 7.4155, "3 + 2\\sqrt{2}": 57.830777777777776, "3": 9.474, "3\\sqrt{2}": 10.565166666666666, "2": 8.559}], "combined_traces": ["3+2\\sqrt{2}", {"3+2\\sqrt{2}": 861.1592499999998, "answer.\n\nBut is there another condition? We have C at (c,0), with c=3+2\u221a2, B at (-3,0), so BC is from (-3,0) to (3+2\u221a2,0), so length BC = c - (-3) = 3+2\u221a2 +3 = 6+2\u221a2.\n\nNow, circumradius, but I think it's fine.\n\nBut the problem gave OD=2 and BD=3, but didn't specify DC or anything, so probably this is it.\n\nBut let me see if there is another solution.\n\nEarlier, when I solved (c-3)^2 + (c-3)^2 =16, I got c-3=2\u221a2 or c-3=-2\u221a2.\n\nc-3": 16.316166666666668, "6": 421.82700000000006, "4": 131.756, "12": 7.4155, "3 + 2\\sqrt{2}": 57.830777777777776, "3": 9.474, "3\\sqrt{2}": 10.565166666666666, "2": 8.559}]}, "ground_truth": "3+2\\sqrt{2}"}