{"min_conf": {"completed_traces": ["2^{99}", {"2^{99}": 1042.667}], "truncated_traces": ["2^{99}", {"2^{99}": 2391.7552857142864, "\\dfrac{1}{100}": 11.49518181818182, "0": 9.6775}], "combined_traces": ["2^{99}", {"2^{99}": 3434.4222857142854, "\\dfrac{1}{100}": 11.49518181818182, "0": 9.6775}]}, "max_conf": {"completed_traces": ["2^{99}", {"2^{99}": 2137.6410000000005}], "truncated_traces": ["2^{99}", {"2^{99}": 2965.3130000000015, "\\dfrac{1}{100}": 19.053, "0": 10.268}], "combined_traces": ["2^{99}", {"2^{99}": 5102.953999999998, "\\dfrac{1}{100}": 19.053, "0": 10.268}]}, "avg_conf": {"completed_traces": ["2^{99}", {"2^{99}": 1624.2611666666664}], "truncated_traces": ["2^{99}", {"2^{99}": 2416.524166666668, "\\dfrac{1}{100}": 11.6452, "0": 8.8675}], "combined_traces": ["2^{99}", {"2^{99}": 4040.785333333334, "\\dfrac{1}{100}": 11.6452, "0": 8.8675}]}, "ground_truth": "2^{99}"}