{"completed_traces_voting_answer": ["2^{99}", {"2^{99}": 1042.667}], "truncated_traces_voting_answer": ["2^{99}", {"2^{99}": 2391.7552857142864, "\\dfrac{1}{100}": 11.49518181818182, "0": 9.6775}], "combined_traces_voting_answer": ["2^{99}", {"2^{99}": 3434.4222857142854, "\\dfrac{1}{100}": 11.49518181818182, "0": 9.6775}], "ground_truth": "2^{99}"}