{"min_conf": {"completed_traces": ["5\\sqrt{2}", {"5\\sqrt{2}": 172.44799999999998}], "truncated_traces": ["12", {"8": 213.44575000000003, "12": 612.754, "15": 133.3204, "16": 104.08160000000001, "6": 9.738, "5\\sqrt{2}": 55.222375, "18": 22.004599999999996, "20": 18.3578, "13": 88.1936, "50": 11.794999999999998, "24": 21.2434}], "combined_traces": ["12", {"5\\sqrt{2}": 227.67037499999998, "8": 213.44575000000003, "12": 612.754, "15": 133.3204, "16": 104.08160000000001, "6": 9.738, "18": 22.004599999999996, "20": 18.3578, "13": 88.1936, "50": 11.794999999999998, "24": 21.2434}]}, "max_conf": {"completed_traces": ["5\\sqrt{2}", {"5\\sqrt{2}": 213.435}], "truncated_traces": ["12", {"8": 164.30700000000002, "12": 506.33899999999994, "15": 109.47899999999998, "16": 86.071, "6": 7.774, "5\\sqrt{2}": 73.334, "18": 17.978, "20": 14.915, "13": 74.94200000000001, "50": 10.08, "24": 17.104}], "combined_traces": ["12", {"5\\sqrt{2}": 286.76900000000006, "8": 164.30700000000002, "12": 506.33899999999994, "15": 109.47899999999998, "16": 86.071, "6": 7.774, "18": 17.978, "20": 14.915, "13": 74.94200000000001, "50": 10.08, "24": 17.104}]}, "avg_conf": {"completed_traces": ["5\\sqrt{2}", {"5\\sqrt{2}": 194.89916666666664}], "truncated_traces": ["12", {"8": 164.30700000000002, "12": 497.1095, "15": 107.27750000000002, "16": 84.5835, "6": 7.774, "5\\sqrt{2}": 55.96733333333333, "18": 17.7515, "20": 14.3085, "13": 73.07250000000002, "50": 9.856, "24": 16.2395}], "combined_traces": ["12", {"5\\sqrt{2}": 250.8665, "8": 164.30700000000002, "12": 497.1095, "15": 107.27750000000002, "16": 84.5835, "6": 7.774, "18": 17.7515, "20": 14.3085, "13": 73.07250000000002, "50": 9.856, "24": 16.2395}]}, "ground_truth": "5\\sqrt{2}"}