{"min_conf": {"completed_traces": ["12", {"12": 476.45200000000006}], "truncated_traces": ["12", {"12": 1011.5598, "24": 17.3352, "3": 44.802749999999996, "42": 9.2156, "15": 16.535400000000003, "13": 8.3326, "48": 26.18}], "combined_traces": ["12", {"12": 1488.0117999999998, "24": 17.3352, "3": 44.802749999999996, "42": 9.2156, "15": 16.535400000000003, "13": 8.3326, "48": 26.18}]}, "max_conf": {"completed_traces": ["12", {"12": 498.30100000000004}], "truncated_traces": ["12", {"12": 891.5510000000002, "24": 13.711, "3": 32.76, "42": 7.096, "15": 12.288, "13": 6.725, "48": 19.376}], "combined_traces": ["12", {"12": 1389.8520000000005, "24": 13.711, "3": 32.76, "42": 7.096, "15": 12.288, "13": 6.725, "48": 19.376}]}, "avg_conf": {"completed_traces": ["12", {"12": 487.37649999999996}], "truncated_traces": ["12", {"12": 873.8629999999999, "24": 13.0945, "3": 32.76, "42": 6.884, "15": 12.2225, "13": 6.6114999999999995, "48": 18.889499999999998}], "combined_traces": ["12", {"12": 1361.2394999999997, "24": 13.0945, "3": 32.76, "42": 6.884, "15": 12.2225, "13": 6.6114999999999995, "48": 18.889499999999998}]}, "ground_truth": "12"}