{"min_conf": {"completed_traces": ["9", {"15": 18.395, "9": 108.347, "13.5": 17.772, "12": 16.741, "9\\sqrt{5}": 18.656}], "truncated_traces": ["9", {"6": 93.93625, "15": 194.91219999999998, "9": 226.1, "18": 36.1858, "9\\sqrt{5}": 15.08425, "12": 55.825199999999995, "20": 11.636, "13": 10.7896, "21": 11.7072, "\\dfrac{9\\sqrt{30}}{4}": 13.864466666666665}], "combined_traces": ["9", {"15": 213.30719999999997, "9": 334.44700000000006, "13.5": 17.772, "12": 72.5662, "9\\sqrt{5}": 33.74025, "6": 93.93625, "18": 36.1858, "20": 11.636, "13": 10.7896, "21": 11.7072, "\\dfrac{9\\sqrt{30}}{4}": 13.864466666666665}]}, "max_conf": {"completed_traces": ["9", {"15": 18.838, "9": 108.347, "13.5": 20.734, "12": 19.394, "9\\sqrt{5}": 25.075}], "truncated_traces": ["9", {"6": 82.577, "15": 152.16000000000003, "9": 188.44300000000004, "18": 28.241, "9\\sqrt{5}": 19.762, "12": 46.103, "20": 10.262, "13": 9.399, "21": 9.58, "\\dfrac{9\\sqrt{30}}{4}": 20.481}], "combined_traces": ["9", {"15": 170.998, "9": 296.78999999999996, "13.5": 20.734, "12": 65.497, "9\\sqrt{5}": 44.837, "6": 82.577, "18": 28.241, "20": 10.262, "13": 9.399, "21": 9.58, "\\dfrac{9\\sqrt{30}}{4}": 20.481}]}, "avg_conf": {"completed_traces": ["9", {"15": 18.616500000000002, "9": 108.347, "13.5": 19.232, "12": 18.0675, "9\\sqrt{5}": 23.163}], "truncated_traces": ["9", {"6": 82.577, "15": 150.30800000000002, "9": 188.44300000000004, "18": 27.6645, "9\\sqrt{5}": 15.2615, "12": 45.0725, "20": 9.475999999999999, "13": 8.86, "21": 9.1995, "\\dfrac{9\\sqrt{30}}{4}": 14.205923076923076}], "combined_traces": ["9", {"15": 168.9245, "9": 296.78999999999996, "13.5": 19.232, "12": 63.14, "9\\sqrt{5}": 38.4245, "6": 82.577, "18": 27.6645, "20": 9.475999999999999, "13": 8.86, "21": 9.1995, "\\dfrac{9\\sqrt{30}}{4}": 14.205923076923076}]}, "ground_truth": "\\frac{9\\sqrt{30}}{4}"}