{"completed_traces_voting_answer": ["\\dfrac{1}{9}", {"\\dfrac{1}{9}": 571.947}], "truncated_traces_voting_answer": ["\\dfrac{1}{9}", {"\\dfrac{5}{68}": 21.895555555555553, "\\dfrac{1}{9}": 1173.7481249999998, "\\dfrac{3}{68}": 34.577, "\\dfrac{2}{17}": 145.52433333333332, "\\dfrac{1}{12}": 31.331444444444443, "\\dfrac{1}{17}": 94.75355555555556, "\\dfrac{3}{17}": 179.99188888888887, "\\dfrac{17}{153}": 84.78009090909092, "f(3) = \\dfrac{136}{1224} = \\dfrac{17}{153}": 12.328258064516131, "\\dfrac{9}{17}": 91.08977777777777, "\\dfrac{3}{34}": 23.065666666666665, "\\dfrac{1}{3}": 77.86987500000001, "\\dfrac{2}{87}": 21.336999999999996, "\\dfrac{17}{306}": 24.697545454545455, "\\dfrac{1}{81}": 10.154555555555554, "\\dfrac{1}{102}": 43.8813, "\\dfrac{1}{6}": 10.9225, "f(3) = \\dfrac{5 \\cdot 3^{2} + 3^{-1}}{24 \\times 17} = \\dfrac{45 + \\frac{1}{3}}{408} = \\dfrac{\\frac{135}{3} + \\frac{1}{3}}{408} = \\dfrac{\\frac{136}{3}}{408} = \\frac{136}{3 \\times 408} = \\frac{136}{1224} = \\frac{17}{153}": 14.413401459854015, "f(3) = \\dfrac{17}{153}": 14.516176470588235, "f(3) = \\dfrac{5 \\cdot 3^{3} + 1}{408 \\cdot 3} = \\dfrac{135 + 1}{1224} = \\dfrac{136}{1224} = \\dfrac{17}{153}": 13.516630136986302, "\\dfrac{14}{68}": 11.262599999999999, "\\dfrac{7}{102}": 11.479000000000001, "f(3) = \\dfrac{1}{24 \\times 17} \\left(5 \\times 3^{2} + \\dfrac{1}{3}\\right) = \\dfrac{1}{408} \\left(45 + \\dfrac{1}{3}\\right) = \\dfrac{1}{408} \\times \\dfrac{136}{3} = \\dfrac{136}{1224} = \\dfrac{17}{153}": 13.897576271186441, "f(3) = \\dfrac{5 \\cdot 3^3 + 1}{408 \\cdot 3} = \\dfrac{5 \\cdot 27 + 1}{1224} = \\dfrac{135 + 1}{1224} = \\dfrac{136}{1224} = \\dfrac{17}{153}": 14.211054347826083, "3": 17.421, "\\dfrac{24}{17}": 20.6032, "\\dfrac{1}{408}": 52.243, "\\dfrac{14}{17}": 31.648200000000003, "\\dfrac{1}{11}": 21.09788888888889, "\\dfrac{7}{1224}": 10.739909090909093, "\\dfrac{15}{204}": 11.232636363636365, "\\dfrac{1}{68}": 10.690000000000001, "1": 18.3035, "\\dfrac{3}{8}": 10.936124999999999, "\\dfrac{3}{408}": 11.028699999999999, "f(3) = \\dfrac{1}{3}": 10.437714285714284, "\\dfrac{14}{102}": 10.333727272727273, "\\dfrac{85}{153}": 15.223545454545457, "f(3) = \\dfrac{5 \\cdot 27 + 1}{408 \\cdot 3} = \\dfrac{135 + 1}{1224} = \\dfrac{136}{1224} = \\dfrac{17}{153}": 13.372183098591549, "\\dfrac{3}{4}": 10.908750000000001, "\\dfrac{2}{9}": 24.118125, "\\dfrac{6}{17}": 11.027555555555555, "\\dfrac{4}{17}": 33.77455555555556, "\\dfrac{15}{68}": 10.648099999999998, "\\dfrac{41}{357}": 14.096909090909092, "f(3) = \\dfrac{3}{17}": 31.783466666666662, "f(3) = \\dfrac{5 \\cdot 3^{2} + 3^{-1}}{408} = \\dfrac{5 \\cdot 9 + \\frac{1}{3}}{408} = \\dfrac{\\frac{45}{1} + \\frac{1}{3}}{408} = \\dfrac{\\frac{135}{3} + \\frac{1}{3}}{408} = \\dfrac{\\frac{136}{3}}{408} = \\frac{136}{3 \\cdot 408} = \\frac{136}{1224} = \\frac{17}{153}": 14.298552795031055, "\\dfrac{14}{51}": 10.9488, "\\dfrac{17}{51}": 11.896700000000001, "\\dfrac{17}{102}": 26.103454545454543, "f(3) = \\dfrac{3}{34}": 10.621466666666663, "\\dfrac{15}{408}": 10.95327272727273, "f(3) = \\dfrac{1}{408} \\left( 5 \\cdot 3^{2} + \\frac{1}{3} \\right) = \\dfrac{1}{408} \\left( 45 + \\frac{1}{3} \\right) = \\dfrac{1}{408} \\cdot \\frac{136}{3} = \\dfrac{136}{1224} = \\dfrac{17}{153}": 13.38255652173913, "\\dfrac{17 \\cdot 27}{24 \\cdot 136}": 12.77752380952381, "f(3) = \\dfrac{1}{408} \\left( 45 + \\dfrac{1}{3} \\right) = \\dfrac{1}{408} \\cdot \\dfrac{136}{3} = \\dfrac{136}{1224} = \\dfrac{17}{153}": 13.628108433734937, "\\dfrac{8}{17}": 11.147555555555556, "\\dfrac{45\\dfrac{1}{3}}{408}": 11.849999999999998, "\\dfrac{1}{24}\\cdot\\dfrac{1}{17}\\cdot\\left(5x^{2} + x^{-1}\\right)": 11.129205882352942, "\\dfrac{2}{3}": 12.176625, "\\dfrac{1}{24}": 10.339999999999998, "\\dfrac{5 \\cdot 3^{2} + 3^{-1}}{408}": 12.840739130434782}], "combined_traces_voting_answer": ["\\dfrac{1}{9}", {"\\dfrac{1}{9}": 1745.6951249999997, "\\dfrac{5}{68}": 21.895555555555553, "\\dfrac{3}{68}": 34.577, "\\dfrac{2}{17}": 145.52433333333332, "\\dfrac{1}{12}": 31.331444444444443, "\\dfrac{1}{17}": 94.75355555555556, "\\dfrac{3}{17}": 179.99188888888887, "\\dfrac{17}{153}": 84.78009090909092, "f(3) = \\dfrac{136}{1224} = \\dfrac{17}{153}": 12.328258064516131, "\\dfrac{9}{17}": 91.08977777777777, "\\dfrac{3}{34}": 23.065666666666665, "\\dfrac{1}{3}": 77.86987500000001, "\\dfrac{2}{87}": 21.336999999999996, "\\dfrac{17}{306}": 24.697545454545455, "\\dfrac{1}{81}": 10.154555555555554, "\\dfrac{1}{102}": 43.8813, "\\dfrac{1}{6}": 10.9225, "f(3) = \\dfrac{5 \\cdot 3^{2} + 3^{-1}}{24 \\times 17} = \\dfrac{45 + \\frac{1}{3}}{408} = \\dfrac{\\frac{135}{3} + \\frac{1}{3}}{408} = \\dfrac{\\frac{136}{3}}{408} = \\frac{136}{3 \\times 408} = \\frac{136}{1224} = \\frac{17}{153}": 14.413401459854015, "f(3) = \\dfrac{17}{153}": 14.516176470588235, "f(3) = \\dfrac{5 \\cdot 3^{3} + 1}{408 \\cdot 3} = \\dfrac{135 + 1}{1224} = \\dfrac{136}{1224} = \\dfrac{17}{153}": 13.516630136986302, "\\dfrac{14}{68}": 11.262599999999999, "\\dfrac{7}{102}": 11.479000000000001, "f(3) = \\dfrac{1}{24 \\times 17} \\left(5 \\times 3^{2} + \\dfrac{1}{3}\\right) = \\dfrac{1}{408} \\left(45 + \\dfrac{1}{3}\\right) = \\dfrac{1}{408} \\times \\dfrac{136}{3} = \\dfrac{136}{1224} = \\dfrac{17}{153}": 13.897576271186441, "f(3) = \\dfrac{5 \\cdot 3^3 + 1}{408 \\cdot 3} = \\dfrac{5 \\cdot 27 + 1}{1224} = \\dfrac{135 + 1}{1224} = \\dfrac{136}{1224} = \\dfrac{17}{153}": 14.211054347826083, "3": 17.421, "\\dfrac{24}{17}": 20.6032, "\\dfrac{1}{408}": 52.243, "\\dfrac{14}{17}": 31.648200000000003, "\\dfrac{1}{11}": 21.09788888888889, "\\dfrac{7}{1224}": 10.739909090909093, "\\dfrac{15}{204}": 11.232636363636365, "\\dfrac{1}{68}": 10.690000000000001, "1": 18.3035, "\\dfrac{3}{8}": 10.936124999999999, "\\dfrac{3}{408}": 11.028699999999999, "f(3) = \\dfrac{1}{3}": 10.437714285714284, "\\dfrac{14}{102}": 10.333727272727273, "\\dfrac{85}{153}": 15.223545454545457, "f(3) = \\dfrac{5 \\cdot 27 + 1}{408 \\cdot 3} = \\dfrac{135 + 1}{1224} = \\dfrac{136}{1224} = \\dfrac{17}{153}": 13.372183098591549, "\\dfrac{3}{4}": 10.908750000000001, "\\dfrac{2}{9}": 24.118125, "\\dfrac{6}{17}": 11.027555555555555, "\\dfrac{4}{17}": 33.77455555555556, "\\dfrac{15}{68}": 10.648099999999998, "\\dfrac{41}{357}": 14.096909090909092, "f(3) = \\dfrac{3}{17}": 31.783466666666662, "f(3) = \\dfrac{5 \\cdot 3^{2} + 3^{-1}}{408} = \\dfrac{5 \\cdot 9 + \\frac{1}{3}}{408} = \\dfrac{\\frac{45}{1} + \\frac{1}{3}}{408} = \\dfrac{\\frac{135}{3} + \\frac{1}{3}}{408} = \\dfrac{\\frac{136}{3}}{408} = \\frac{136}{3 \\cdot 408} = \\frac{136}{1224} = \\frac{17}{153}": 14.298552795031055, "\\dfrac{14}{51}": 10.9488, "\\dfrac{17}{51}": 11.896700000000001, "\\dfrac{17}{102}": 26.103454545454543, "f(3) = \\dfrac{3}{34}": 10.621466666666663, "\\dfrac{15}{408}": 10.95327272727273, "f(3) = \\dfrac{1}{408} \\left( 5 \\cdot 3^{2} + \\frac{1}{3} \\right) = \\dfrac{1}{408} \\left( 45 + \\frac{1}{3} \\right) = \\dfrac{1}{408} \\cdot \\frac{136}{3} = \\dfrac{136}{1224} = \\dfrac{17}{153}": 13.38255652173913, "\\dfrac{17 \\cdot 27}{24 \\cdot 136}": 12.77752380952381, "f(3) = \\dfrac{1}{408} \\left( 45 + \\dfrac{1}{3} \\right) = \\dfrac{1}{408} \\cdot \\dfrac{136}{3} = \\dfrac{136}{1224} = \\dfrac{17}{153}": 13.628108433734937, "\\dfrac{8}{17}": 11.147555555555556, "\\dfrac{45\\dfrac{1}{3}}{408}": 11.849999999999998, "\\dfrac{1}{24}\\cdot\\dfrac{1}{17}\\cdot\\left(5x^{2} + x^{-1}\\right)": 11.129205882352942, "\\dfrac{2}{3}": 12.176625, "\\dfrac{1}{24}": 10.339999999999998, "\\dfrac{5 \\cdot 3^{2} + 3^{-1}}{408}": 12.840739130434782}], "ground_truth": "\\frac{1}{9}"}