{"completed_traces_voting_answer": ["\\dfrac{1}{9}", {"\\dfrac{1}{9}": 668.4939999999998}], "truncated_traces_voting_answer": ["\\dfrac{1}{9}", {"\\dfrac{5}{68}": 39.531, "\\dfrac{1}{9}": 1668.7970000000003, "\\dfrac{3}{68}": 61.50899999999999, "\\dfrac{2}{17}": 265.51800000000003, "\\dfrac{1}{12}": 60.227, "\\dfrac{1}{17}": 184.532, "\\dfrac{3}{17}": 324.804, "\\dfrac{17}{153}": 119.818, "f(3) = \\dfrac{136}{1224} = \\dfrac{17}{153}": 18.744, "\\dfrac{9}{17}": 162.99699999999999, "\\dfrac{3}{34}": 41.606, "\\dfrac{1}{3}": 140.06400000000002, "\\dfrac{2}{87}": 41.36, "\\dfrac{17}{306}": 40.494, "\\dfrac{1}{81}": 19.947, "\\dfrac{1}{102}": 79.706, "\\dfrac{1}{6}": 19.462, "f(3) = \\dfrac{5 \\cdot 3^{2} + 3^{-1}}{24 \\times 17} = \\dfrac{45 + \\frac{1}{3}}{408} = \\dfrac{\\frac{135}{3} + \\frac{1}{3}}{408} = \\dfrac{\\frac{136}{3}}{408} = \\frac{136}{3 \\times 408} = \\frac{136}{1224} = \\frac{17}{153}": 20.034, "f(3) = \\dfrac{17}{153}": 18.516, "f(3) = \\dfrac{5 \\cdot 3^{3} + 1}{408 \\cdot 3} = \\dfrac{135 + 1}{1224} = \\dfrac{136}{1224} = \\dfrac{17}{153}": 20.744, "\\dfrac{14}{68}": 20.044, "\\dfrac{7}{102}": 19.931, "f(3) = \\dfrac{1}{24 \\times 17} \\left(5 \\times 3^{2} + \\dfrac{1}{3}\\right) = \\dfrac{1}{408} \\left(45 + \\dfrac{1}{3}\\right) = \\dfrac{1}{408} \\times \\dfrac{136}{3} = \\dfrac{136}{1224} = \\dfrac{17}{153}": 21.322, "f(3) = \\dfrac{5 \\cdot 3^3 + 1}{408 \\cdot 3} = \\dfrac{5 \\cdot 27 + 1}{1224} = \\dfrac{135 + 1}{1224} = \\dfrac{136}{1224} = \\dfrac{17}{153}": 21.709, "3": 22.442999999999998, "\\dfrac{24}{17}": 41.291, "\\dfrac{1}{408}": 100.06800000000001, "\\dfrac{14}{17}": 60.519000000000005, "\\dfrac{1}{11}": 40.846999999999994, "\\dfrac{7}{1224}": 20.381, "\\dfrac{15}{204}": 20.431, "\\dfrac{1}{68}": 20.188, "1": 22.814, "\\dfrac{3}{8}": 20.45, "\\dfrac{3}{408}": 20.5, "f(3) = \\dfrac{1}{3}": 20.05, "\\dfrac{14}{102}": 20.644, "\\dfrac{85}{153}": 20.472, "f(3) = \\dfrac{5 \\cdot 27 + 1}{408 \\cdot 3} = \\dfrac{135 + 1}{1224} = \\dfrac{136}{1224} = \\dfrac{17}{153}": 21.394, "\\dfrac{3}{4}": 19.944, "\\dfrac{2}{9}": 40.881, "\\dfrac{6}{17}": 20.031, "\\dfrac{4}{17}": 62.137, "\\dfrac{15}{68}": 20.362, "\\dfrac{41}{357}": 21.556, "f(3) = \\dfrac{3}{17}": 63.269000000000005, "f(3) = \\dfrac{5 \\cdot 3^{2} + 3^{-1}}{408} = \\dfrac{5 \\cdot 9 + \\frac{1}{3}}{408} = \\dfrac{\\frac{45}{1} + \\frac{1}{3}}{408} = \\dfrac{\\frac{135}{3} + \\frac{1}{3}}{408} = \\dfrac{\\frac{136}{3}}{408} = \\frac{136}{3 \\cdot 408} = \\frac{136}{1224} = \\frac{17}{153}": 20.153, "\\dfrac{14}{51}": 20.578, "\\dfrac{17}{51}": 20.478, "\\dfrac{17}{102}": 39.985, "f(3) = \\dfrac{3}{34}": 21.538, "\\dfrac{15}{408}": 20.116, "f(3) = \\dfrac{1}{408} \\left( 5 \\cdot 3^{2} + \\frac{1}{3} \\right) = \\dfrac{1}{408} \\left( 45 + \\frac{1}{3} \\right) = \\dfrac{1}{408} \\cdot \\frac{136}{3} = \\dfrac{136}{1224} = \\dfrac{17}{153}": 20.044, "\\dfrac{17 \\cdot 27}{24 \\cdot 136}": 19.969, "f(3) = \\dfrac{1}{408} \\left( 45 + \\dfrac{1}{3} \\right) = \\dfrac{1}{408} \\cdot \\dfrac{136}{3} = \\dfrac{136}{1224} = \\dfrac{17}{153}": 24.334, "\\dfrac{8}{17}": 20.862, "\\dfrac{45\\dfrac{1}{3}}{408}": 21.247, "\\dfrac{1}{24}\\cdot\\dfrac{1}{17}\\cdot\\left(5x^{2} + x^{-1}\\right)": 20.253, "\\dfrac{2}{3}": 19.491, "\\dfrac{1}{24}": 20.594, "\\dfrac{5 \\cdot 3^{2} + 3^{-1}}{408}": 20.494}], "combined_traces_voting_answer": ["\\dfrac{1}{9}", {"\\dfrac{1}{9}": 2337.2909999999993, "\\dfrac{5}{68}": 39.531, "\\dfrac{3}{68}": 61.50899999999999, "\\dfrac{2}{17}": 265.51800000000003, "\\dfrac{1}{12}": 60.227, "\\dfrac{1}{17}": 184.532, "\\dfrac{3}{17}": 324.804, "\\dfrac{17}{153}": 119.818, "f(3) = \\dfrac{136}{1224} = \\dfrac{17}{153}": 18.744, "\\dfrac{9}{17}": 162.99699999999999, "\\dfrac{3}{34}": 41.606, "\\dfrac{1}{3}": 140.06400000000002, "\\dfrac{2}{87}": 41.36, "\\dfrac{17}{306}": 40.494, "\\dfrac{1}{81}": 19.947, "\\dfrac{1}{102}": 79.706, "\\dfrac{1}{6}": 19.462, "f(3) = \\dfrac{5 \\cdot 3^{2} + 3^{-1}}{24 \\times 17} = \\dfrac{45 + \\frac{1}{3}}{408} = \\dfrac{\\frac{135}{3} + \\frac{1}{3}}{408} = \\dfrac{\\frac{136}{3}}{408} = \\frac{136}{3 \\times 408} = \\frac{136}{1224} = \\frac{17}{153}": 20.034, "f(3) = \\dfrac{17}{153}": 18.516, "f(3) = \\dfrac{5 \\cdot 3^{3} + 1}{408 \\cdot 3} = \\dfrac{135 + 1}{1224} = \\dfrac{136}{1224} = \\dfrac{17}{153}": 20.744, "\\dfrac{14}{68}": 20.044, "\\dfrac{7}{102}": 19.931, "f(3) = \\dfrac{1}{24 \\times 17} \\left(5 \\times 3^{2} + \\dfrac{1}{3}\\right) = \\dfrac{1}{408} \\left(45 + \\dfrac{1}{3}\\right) = \\dfrac{1}{408} \\times \\dfrac{136}{3} = \\dfrac{136}{1224} = \\dfrac{17}{153}": 21.322, "f(3) = \\dfrac{5 \\cdot 3^3 + 1}{408 \\cdot 3} = \\dfrac{5 \\cdot 27 + 1}{1224} = \\dfrac{135 + 1}{1224} = \\dfrac{136}{1224} = \\dfrac{17}{153}": 21.709, "3": 22.442999999999998, "\\dfrac{24}{17}": 41.291, "\\dfrac{1}{408}": 100.06800000000001, "\\dfrac{14}{17}": 60.519000000000005, "\\dfrac{1}{11}": 40.846999999999994, "\\dfrac{7}{1224}": 20.381, "\\dfrac{15}{204}": 20.431, "\\dfrac{1}{68}": 20.188, "1": 22.814, "\\dfrac{3}{8}": 20.45, "\\dfrac{3}{408}": 20.5, "f(3) = \\dfrac{1}{3}": 20.05, "\\dfrac{14}{102}": 20.644, "\\dfrac{85}{153}": 20.472, "f(3) = \\dfrac{5 \\cdot 27 + 1}{408 \\cdot 3} = \\dfrac{135 + 1}{1224} = \\dfrac{136}{1224} = \\dfrac{17}{153}": 21.394, "\\dfrac{3}{4}": 19.944, "\\dfrac{2}{9}": 40.881, "\\dfrac{6}{17}": 20.031, "\\dfrac{4}{17}": 62.137, "\\dfrac{15}{68}": 20.362, "\\dfrac{41}{357}": 21.556, "f(3) = \\dfrac{3}{17}": 63.269000000000005, "f(3) = \\dfrac{5 \\cdot 3^{2} + 3^{-1}}{408} = \\dfrac{5 \\cdot 9 + \\frac{1}{3}}{408} = \\dfrac{\\frac{45}{1} + \\frac{1}{3}}{408} = \\dfrac{\\frac{135}{3} + \\frac{1}{3}}{408} = \\dfrac{\\frac{136}{3}}{408} = \\frac{136}{3 \\cdot 408} = \\frac{136}{1224} = \\frac{17}{153}": 20.153, "\\dfrac{14}{51}": 20.578, "\\dfrac{17}{51}": 20.478, "\\dfrac{17}{102}": 39.985, "f(3) = \\dfrac{3}{34}": 21.538, "\\dfrac{15}{408}": 20.116, "f(3) = \\dfrac{1}{408} \\left( 5 \\cdot 3^{2} + \\frac{1}{3} \\right) = \\dfrac{1}{408} \\left( 45 + \\frac{1}{3} \\right) = \\dfrac{1}{408} \\cdot \\frac{136}{3} = \\dfrac{136}{1224} = \\dfrac{17}{153}": 20.044, "\\dfrac{17 \\cdot 27}{24 \\cdot 136}": 19.969, "f(3) = \\dfrac{1}{408} \\left( 45 + \\dfrac{1}{3} \\right) = \\dfrac{1}{408} \\cdot \\dfrac{136}{3} = \\dfrac{136}{1224} = \\dfrac{17}{153}": 24.334, "\\dfrac{8}{17}": 20.862, "\\dfrac{45\\dfrac{1}{3}}{408}": 21.247, "\\dfrac{1}{24}\\cdot\\dfrac{1}{17}\\cdot\\left(5x^{2} + x^{-1}\\right)": 20.253, "\\dfrac{2}{3}": 19.491, "\\dfrac{1}{24}": 20.594, "\\dfrac{5 \\cdot 3^{2} + 3^{-1}}{408}": 20.494}], "ground_truth": "\\frac{1}{9}"}