{"completed_traces_voting_answer": ["\\dfrac{1}{9}", {"\\dfrac{1}{9}": 467.051}], "truncated_traces_voting_answer": ["\\dfrac{1}{9}", {"\\dfrac{5}{68}": 21.8298, "\\dfrac{1}{9}": 1170.199301330666, "\\dfrac{3}{68}": 34.5583, "\\dfrac{2}{17}": 144.8872, "\\dfrac{1}{12}": 31.214, "\\dfrac{1}{17}": 93.71449999999999, "\\dfrac{3}{17}": 180.3687, "\\dfrac{17}{153}": 83.76412433175214, "f(3) = \\dfrac{136}{1224} = \\dfrac{17}{153}": 12.1543125, "\\dfrac{9}{17}": 91.1174, "\\dfrac{3}{34}": 22.8553, "\\dfrac{1}{3}": 77.3777777777778, "\\dfrac{2}{87}": 21.2284, "\\dfrac{17}{306}": 24.282916666666665, "\\dfrac{1}{81}": 10.1944, "\\dfrac{1}{102}": 43.705363636363636, "\\dfrac{1}{6}": 10.76988888888889, "f(3) = \\dfrac{5 \\cdot 3^{2} + 3^{-1}}{24 \\times 17} = \\dfrac{45 + \\frac{1}{3}}{408} = \\dfrac{\\frac{135}{3} + \\frac{1}{3}}{408} = \\dfrac{\\frac{136}{3}}{408} = \\frac{136}{3 \\times 408} = \\frac{136}{1224} = \\frac{17}{153}": 14.351333333333335, "f(3) = \\dfrac{17}{153}": 13.714632911392403, "f(3) = \\dfrac{5 \\cdot 3^{3} + 1}{408 \\cdot 3} = \\dfrac{135 + 1}{1224} = \\dfrac{136}{1224} = \\dfrac{17}{153}": 13.435756756756755, "\\dfrac{14}{68}": 11.017090909090909, "\\dfrac{7}{102}": 11.344818181818182, "f(3) = \\dfrac{1}{24 \\times 17} \\left(5 \\times 3^{2} + \\dfrac{1}{3}\\right) = \\dfrac{1}{408} \\left(45 + \\dfrac{1}{3}\\right) = \\dfrac{1}{408} \\times \\dfrac{136}{3} = \\dfrac{136}{1224} = \\dfrac{17}{153}": 13.836504201680672, "f(3) = \\dfrac{5 \\cdot 3^3 + 1}{408 \\cdot 3} = \\dfrac{5 \\cdot 27 + 1}{1224} = \\dfrac{135 + 1}{1224} = \\dfrac{136}{1224} = \\dfrac{17}{153}": 14.14015053763441, "3": 18.593, "\\dfrac{24}{17}": 20.43318181818182, "\\dfrac{1}{408}": 51.961, "\\dfrac{14}{17}": 31.66981818181818, "\\dfrac{1}{11}": 21.059400000000004, "\\dfrac{7}{1224}": 10.744, "\\dfrac{15}{204}": 11.021416666666667, "\\dfrac{1}{68}": 10.704899999999999, "1": 18.498, "\\dfrac{3}{8}": 10.919888888888892, "\\dfrac{3}{408}": 10.773727272727273, "f(3) = \\dfrac{1}{3}": 10.267933333333332, "\\dfrac{14}{102}": 10.184416666666667, "\\dfrac{85}{153}": 15.032952136752128, "f(3) = \\dfrac{5 \\cdot 27 + 1}{408 \\cdot 3} = \\dfrac{135 + 1}{1224} = \\dfrac{136}{1224} = \\dfrac{17}{153}": 13.295111111111114, "\\dfrac{3}{4}": 10.860888888888889, "\\dfrac{2}{9}": 23.689666666666668, "\\dfrac{6}{17}": 11.038599999999999, "\\dfrac{4}{17}": 33.5374, "\\dfrac{15}{68}": 10.747727272727271, "\\dfrac{41}{357}": 13.98258333333333, "f(3) = \\dfrac{3}{17}": 31.417812499999997, "f(3) = \\dfrac{5 \\cdot 3^{2} + 3^{-1}}{408} = \\dfrac{5 \\cdot 9 + \\frac{1}{3}}{408} = \\dfrac{\\frac{45}{1} + \\frac{1}{3}}{408} = \\dfrac{\\frac{135}{3} + \\frac{1}{3}}{408} = \\dfrac{\\frac{136}{3}}{408} = \\frac{136}{3 \\cdot 408} = \\frac{136}{1224} = \\frac{17}{153}": 14.24646296296296, "\\dfrac{14}{51}": 11.067727272727273, "\\dfrac{17}{51}": 11.699727272727273, "\\dfrac{17}{102}": 25.67641666666666, "f(3) = \\dfrac{3}{34}": 10.505812499999998, "\\dfrac{15}{408}": 10.72325, "f(3) = \\dfrac{1}{408} \\left( 5 \\cdot 3^{2} + \\frac{1}{3} \\right) = \\dfrac{1}{408} \\left( 45 + \\frac{1}{3} \\right) = \\dfrac{1}{408} \\cdot \\frac{136}{3} = \\dfrac{136}{1224} = \\dfrac{17}{153}": 13.327620689655172, "\\dfrac{17 \\cdot 27}{24 \\cdot 136}": 12.481772727272727, "f(3) = \\dfrac{1}{408} \\left( 45 + \\dfrac{1}{3} \\right) = \\dfrac{1}{408} \\cdot \\dfrac{136}{3} = \\dfrac{136}{1224} = \\dfrac{17}{153}": 13.537214285714285, "\\dfrac{8}{17}": 11.1092, "\\dfrac{45\\dfrac{1}{3}}{408}": 11.503684210526316, "\\dfrac{1}{24}\\cdot\\dfrac{1}{17}\\cdot\\left(5x^{2} + x^{-1}\\right)": 11.034714285714285, "\\dfrac{2}{3}": 11.948333333333332, "\\dfrac{1}{24}": 10.2052, "\\dfrac{5 \\cdot 3^{2} + 3^{-1}}{408}": 12.571166666666665}], "combined_traces_voting_answer": ["\\dfrac{1}{9}", {"\\dfrac{1}{9}": 1637.250301330665, "\\dfrac{5}{68}": 21.8298, "\\dfrac{3}{68}": 34.5583, "\\dfrac{2}{17}": 144.8872, "\\dfrac{1}{12}": 31.214, "\\dfrac{1}{17}": 93.71449999999999, "\\dfrac{3}{17}": 180.3687, "\\dfrac{17}{153}": 83.76412433175214, "f(3) = \\dfrac{136}{1224} = \\dfrac{17}{153}": 12.1543125, "\\dfrac{9}{17}": 91.1174, "\\dfrac{3}{34}": 22.8553, "\\dfrac{1}{3}": 77.3777777777778, "\\dfrac{2}{87}": 21.2284, "\\dfrac{17}{306}": 24.282916666666665, "\\dfrac{1}{81}": 10.1944, "\\dfrac{1}{102}": 43.705363636363636, "\\dfrac{1}{6}": 10.76988888888889, "f(3) = \\dfrac{5 \\cdot 3^{2} + 3^{-1}}{24 \\times 17} = \\dfrac{45 + \\frac{1}{3}}{408} = \\dfrac{\\frac{135}{3} + \\frac{1}{3}}{408} = \\dfrac{\\frac{136}{3}}{408} = \\frac{136}{3 \\times 408} = \\frac{136}{1224} = \\frac{17}{153}": 14.351333333333335, "f(3) = \\dfrac{17}{153}": 13.714632911392403, "f(3) = \\dfrac{5 \\cdot 3^{3} + 1}{408 \\cdot 3} = \\dfrac{135 + 1}{1224} = \\dfrac{136}{1224} = \\dfrac{17}{153}": 13.435756756756755, "\\dfrac{14}{68}": 11.017090909090909, "\\dfrac{7}{102}": 11.344818181818182, "f(3) = \\dfrac{1}{24 \\times 17} \\left(5 \\times 3^{2} + \\dfrac{1}{3}\\right) = \\dfrac{1}{408} \\left(45 + \\dfrac{1}{3}\\right) = \\dfrac{1}{408} \\times \\dfrac{136}{3} = \\dfrac{136}{1224} = \\dfrac{17}{153}": 13.836504201680672, "f(3) = \\dfrac{5 \\cdot 3^3 + 1}{408 \\cdot 3} = \\dfrac{5 \\cdot 27 + 1}{1224} = \\dfrac{135 + 1}{1224} = \\dfrac{136}{1224} = \\dfrac{17}{153}": 14.14015053763441, "3": 18.593, "\\dfrac{24}{17}": 20.43318181818182, "\\dfrac{1}{408}": 51.961, "\\dfrac{14}{17}": 31.66981818181818, "\\dfrac{1}{11}": 21.059400000000004, "\\dfrac{7}{1224}": 10.744, "\\dfrac{15}{204}": 11.021416666666667, "\\dfrac{1}{68}": 10.704899999999999, "1": 18.498, "\\dfrac{3}{8}": 10.919888888888892, "\\dfrac{3}{408}": 10.773727272727273, "f(3) = \\dfrac{1}{3}": 10.267933333333332, "\\dfrac{14}{102}": 10.184416666666667, "\\dfrac{85}{153}": 15.032952136752128, "f(3) = \\dfrac{5 \\cdot 27 + 1}{408 \\cdot 3} = \\dfrac{135 + 1}{1224} = \\dfrac{136}{1224} = \\dfrac{17}{153}": 13.295111111111114, "\\dfrac{3}{4}": 10.860888888888889, "\\dfrac{2}{9}": 23.689666666666668, "\\dfrac{6}{17}": 11.038599999999999, "\\dfrac{4}{17}": 33.5374, "\\dfrac{15}{68}": 10.747727272727271, "\\dfrac{41}{357}": 13.98258333333333, "f(3) = \\dfrac{3}{17}": 31.417812499999997, "f(3) = \\dfrac{5 \\cdot 3^{2} + 3^{-1}}{408} = \\dfrac{5 \\cdot 9 + \\frac{1}{3}}{408} = \\dfrac{\\frac{45}{1} + \\frac{1}{3}}{408} = \\dfrac{\\frac{135}{3} + \\frac{1}{3}}{408} = \\dfrac{\\frac{136}{3}}{408} = \\frac{136}{3 \\cdot 408} = \\frac{136}{1224} = \\frac{17}{153}": 14.24646296296296, "\\dfrac{14}{51}": 11.067727272727273, "\\dfrac{17}{51}": 11.699727272727273, "\\dfrac{17}{102}": 25.67641666666666, "f(3) = \\dfrac{3}{34}": 10.505812499999998, "\\dfrac{15}{408}": 10.72325, "f(3) = \\dfrac{1}{408} \\left( 5 \\cdot 3^{2} + \\frac{1}{3} \\right) = \\dfrac{1}{408} \\left( 45 + \\frac{1}{3} \\right) = \\dfrac{1}{408} \\cdot \\frac{136}{3} = \\dfrac{136}{1224} = \\dfrac{17}{153}": 13.327620689655172, "\\dfrac{17 \\cdot 27}{24 \\cdot 136}": 12.481772727272727, "f(3) = \\dfrac{1}{408} \\left( 45 + \\dfrac{1}{3} \\right) = \\dfrac{1}{408} \\cdot \\dfrac{136}{3} = \\dfrac{136}{1224} = \\dfrac{17}{153}": 13.537214285714285, "\\dfrac{8}{17}": 11.1092, "\\dfrac{45\\dfrac{1}{3}}{408}": 11.503684210526316, "\\dfrac{1}{24}\\cdot\\dfrac{1}{17}\\cdot\\left(5x^{2} + x^{-1}\\right)": 11.034714285714285, "\\dfrac{2}{3}": 11.948333333333332, "\\dfrac{1}{24}": 10.2052, "\\dfrac{5 \\cdot 3^{2} + 3^{-1}}{408}": 12.571166666666665}], "ground_truth": "\\frac{1}{9}"}