{"min_conf": {"completed_traces": ["\\dfrac{\\sqrt{13}}{2}", {"\\dfrac{\\sqrt{13}}{2}": 588.914, "\\dfrac{19\\sqrt{13}}{28}": 18.975}], "truncated_traces": ["\\dfrac{2\\sqrt{3}}{3}", {"\\dfrac{2}{\\sqrt{3}}": 33.29041666666667, "\\dfrac{3}{2}": 77.77877777777778, "\\dfrac{\\sqrt{13}}{2}": 97.04846153846155, "\\dfrac{3\\sqrt{3}}{2}": 34.16342857142857, "\\dfrac{1}{4}": 21.47711111111111, "\\dfrac{7}{8}": 44.44233333333333, "\\dfrac{7}{2}": 88.30988888888888, "\\dfrac{3}{\\sqrt{7}}": 21.06475, "\\dfrac{3\\sqrt{3}}{7}": 45.03528571428572, "\\dfrac{1}{2}": 31.293000000000003, "\\dfrac{7\\sqrt{3}}{6}": 10.864357142857141, "2": 75.1895, "3": 19.037, "\\dfrac{1}{\\sqrt{3}}": 20.69908333333333, "\\dfrac{7}{6}": 22.79722222222222, "\\dfrac{2\\sqrt{3}}{3}": 99.54757142857143, "\\dfrac{13}{8}": 10.4601, "\\dfrac{11\\sqrt{3}}{14}": 11.2413125, "0": 9.226500000000001, "\\dfrac{4}{7}": 10.536222222222221, "\\dfrac{23}{14}": 10.666909090909089, "\\dfrac{2 + \\sqrt{3}}{2}": 23.090200000000003, "\\dfrac{7}{4}": 33.57255555555555, "\\sqrt{3}": 10.123999999999999, "\\dfrac{7}{8} + \\dfrac{7}{12} + \\dfrac{7}{24}": 13.08386206896552, "\\dfrac{13\\sqrt{3}}{14}": 11.0453125, "\\dfrac{2\\sqrt{6}}{3}": 22.912785714285718, "\\dfrac{5}{2}": 10.831555555555555, "\\dfrac{2}{\\sqrt{7}}": 10.884083333333335, "\\dfrac{2\\sqrt{21}}{3}": 10.995600000000001, "\\dfrac{11}{8}": 10.4784, "\\dfrac{2\\sqrt{3}}{7}": 33.32257142857142, "\\dfrac{7\\sqrt{3}}{12}": 11.029399999999999, "\\dfrac{2\\sqrt{21}}{7}": 11.144933333333332, "\\dfrac{25}{7}": 10.0324, "\\dfrac{13}{7}": 10.7168, "\\dfrac{7\\sqrt{3}}{8}": 23.676928571428576, "\\dfrac{21}{8}": 10.3222}], "combined_traces": ["\\dfrac{\\sqrt{13}}{2}", {"\\dfrac{\\sqrt{13}}{2}": 685.9624615384615, "\\dfrac{19\\sqrt{13}}{28}": 18.975, "\\dfrac{2}{\\sqrt{3}}": 33.29041666666667, "\\dfrac{3}{2}": 77.77877777777778, "\\dfrac{3\\sqrt{3}}{2}": 34.16342857142857, "\\dfrac{1}{4}": 21.47711111111111, "\\dfrac{7}{8}": 44.44233333333333, "\\dfrac{7}{2}": 88.30988888888888, "\\dfrac{3}{\\sqrt{7}}": 21.06475, "\\dfrac{3\\sqrt{3}}{7}": 45.03528571428572, "\\dfrac{1}{2}": 31.293000000000003, "\\dfrac{7\\sqrt{3}}{6}": 10.864357142857141, "2": 75.1895, "3": 19.037, "\\dfrac{1}{\\sqrt{3}}": 20.69908333333333, "\\dfrac{7}{6}": 22.79722222222222, "\\dfrac{2\\sqrt{3}}{3}": 99.54757142857143, "\\dfrac{13}{8}": 10.4601, "\\dfrac{11\\sqrt{3}}{14}": 11.2413125, "0": 9.226500000000001, "\\dfrac{4}{7}": 10.536222222222221, "\\dfrac{23}{14}": 10.666909090909089, "\\dfrac{2 + \\sqrt{3}}{2}": 23.090200000000003, "\\dfrac{7}{4}": 33.57255555555555, "\\sqrt{3}": 10.123999999999999, "\\dfrac{7}{8} + \\dfrac{7}{12} + \\dfrac{7}{24}": 13.08386206896552, "\\dfrac{13\\sqrt{3}}{14}": 11.0453125, "\\dfrac{2\\sqrt{6}}{3}": 22.912785714285718, "\\dfrac{5}{2}": 10.831555555555555, "\\dfrac{2}{\\sqrt{7}}": 10.884083333333335, "\\dfrac{2\\sqrt{21}}{3}": 10.995600000000001, "\\dfrac{11}{8}": 10.4784, "\\dfrac{2\\sqrt{3}}{7}": 33.32257142857142, "\\dfrac{7\\sqrt{3}}{12}": 11.029399999999999, "\\dfrac{2\\sqrt{21}}{7}": 11.144933333333332, "\\dfrac{25}{7}": 10.0324, "\\dfrac{13}{7}": 10.7168, "\\dfrac{7\\sqrt{3}}{8}": 23.676928571428576, "\\dfrac{21}{8}": 10.3222}]}, "max_conf": {"completed_traces": ["\\dfrac{\\sqrt{13}}{2}", {"\\dfrac{\\sqrt{13}}{2}": 862.9189999999998, "\\dfrac{19\\sqrt{13}}{28}": 25.831}], "truncated_traces": ["\\dfrac{2\\sqrt{3}}{3}", {"\\dfrac{2}{\\sqrt{3}}": 55.881, "\\dfrac{3}{2}": 128.535, "\\dfrac{\\sqrt{13}}{2}": 123.785, "\\dfrac{3\\sqrt{3}}{2}": 53.971999999999994, "\\dfrac{1}{4}": 36.557, "\\dfrac{7}{8}": 73.569, "\\dfrac{7}{2}": 146.971, "\\dfrac{3}{\\sqrt{7}}": 36.037, "\\dfrac{3\\sqrt{3}}{7}": 71.56, "\\dfrac{1}{2}": 55.563, "\\dfrac{7\\sqrt{3}}{6}": 17.444, "2": 62.549, "3": 16.491, "\\dfrac{1}{\\sqrt{3}}": 34.647, "\\dfrac{7}{6}": 37.659, "\\dfrac{2\\sqrt{3}}{3}": 161.43800000000002, "\\dfrac{13}{8}": 18.166, "\\dfrac{11\\sqrt{3}}{14}": 18.494, "0": 7.384, "\\dfrac{4}{7}": 18.019, "\\dfrac{23}{14}": 18.378, "\\dfrac{2 + \\sqrt{3}}{2}": 36.388000000000005, "\\dfrac{7}{4}": 54.916, "\\sqrt{3}": 12.594, "\\dfrac{7}{8} + \\dfrac{7}{12} + \\dfrac{7}{24}": 19.006, "\\dfrac{13\\sqrt{3}}{14}": 17.772, "\\dfrac{2\\sqrt{6}}{3}": 37.406000000000006, "\\dfrac{5}{2}": 17.9, "\\dfrac{2}{\\sqrt{7}}": 18.388, "\\dfrac{2\\sqrt{21}}{3}": 18.538, "\\dfrac{11}{8}": 17.588, "\\dfrac{2\\sqrt{3}}{7}": 53.71300000000001, "\\dfrac{7\\sqrt{3}}{12}": 17.297, "\\dfrac{2\\sqrt{21}}{7}": 18.659, "\\dfrac{25}{7}": 19.616, "\\dfrac{13}{7}": 18.891, "\\dfrac{7\\sqrt{3}}{8}": 36.400999999999996, "\\dfrac{21}{8}": 19.038}], "combined_traces": ["\\dfrac{\\sqrt{13}}{2}", {"\\dfrac{\\sqrt{13}}{2}": 986.704, "\\dfrac{19\\sqrt{13}}{28}": 25.831, "\\dfrac{2}{\\sqrt{3}}": 55.881, "\\dfrac{3}{2}": 128.535, "\\dfrac{3\\sqrt{3}}{2}": 53.971999999999994, "\\dfrac{1}{4}": 36.557, "\\dfrac{7}{8}": 73.569, "\\dfrac{7}{2}": 146.971, "\\dfrac{3}{\\sqrt{7}}": 36.037, "\\dfrac{3\\sqrt{3}}{7}": 71.56, "\\dfrac{1}{2}": 55.563, "\\dfrac{7\\sqrt{3}}{6}": 17.444, "2": 62.549, "3": 16.491, "\\dfrac{1}{\\sqrt{3}}": 34.647, "\\dfrac{7}{6}": 37.659, "\\dfrac{2\\sqrt{3}}{3}": 161.43800000000002, "\\dfrac{13}{8}": 18.166, "\\dfrac{11\\sqrt{3}}{14}": 18.494, "0": 7.384, "\\dfrac{4}{7}": 18.019, "\\dfrac{23}{14}": 18.378, "\\dfrac{2 + \\sqrt{3}}{2}": 36.388000000000005, "\\dfrac{7}{4}": 54.916, "\\sqrt{3}": 12.594, "\\dfrac{7}{8} + \\dfrac{7}{12} + \\dfrac{7}{24}": 19.006, "\\dfrac{13\\sqrt{3}}{14}": 17.772, "\\dfrac{2\\sqrt{6}}{3}": 37.406000000000006, "\\dfrac{5}{2}": 17.9, "\\dfrac{2}{\\sqrt{7}}": 18.388, "\\dfrac{2\\sqrt{21}}{3}": 18.538, "\\dfrac{11}{8}": 17.588, "\\dfrac{2\\sqrt{3}}{7}": 53.71300000000001, "\\dfrac{7\\sqrt{3}}{12}": 17.297, "\\dfrac{2\\sqrt{21}}{7}": 18.659, "\\dfrac{25}{7}": 19.616, "\\dfrac{13}{7}": 18.891, "\\dfrac{7\\sqrt{3}}{8}": 36.400999999999996, "\\dfrac{21}{8}": 19.038}]}, "avg_conf": {"completed_traces": ["\\dfrac{\\sqrt{13}}{2}", {"\\dfrac{\\sqrt{13}}{2}": 716.3300909090909, "\\dfrac{19\\sqrt{13}}{28}": 22.150933333333334}], "truncated_traces": ["\\dfrac{2\\sqrt{3}}{3}", {"\\dfrac{2}{\\sqrt{3}}": 34.0424, "\\dfrac{3}{2}": 78.56771428571429, "\\dfrac{\\sqrt{13}}{2}": 97.92881818181817, "\\dfrac{3\\sqrt{3}}{2}": 34.80675, "\\dfrac{1}{4}": 21.622714285714288, "\\dfrac{7}{8}": 45.48028571428571, "\\dfrac{7}{2}": 90.44642857142858, "\\dfrac{3}{\\sqrt{7}}": 21.538600000000002, "\\dfrac{3\\sqrt{3}}{7}": 45.55225, "\\dfrac{1}{2}": 31.424857142857142, "\\dfrac{7\\sqrt{3}}{6}": 11.028666666666668, "2": 62.549, "3": 16.491, "\\dfrac{1}{\\sqrt{3}}": 21.144499999999997, "\\dfrac{7}{6}": 23.151428571428568, "\\dfrac{2\\sqrt{3}}{3}": 101.18316666666666, "\\dfrac{13}{8}": 10.497250000000001, "\\dfrac{11\\sqrt{3}}{14}": 11.340357142857144, "0": 7.384, "\\dfrac{4}{7}": 10.652428571428572, "\\dfrac{23}{14}": 10.593666666666666, "\\dfrac{2 + \\sqrt{3}}{2}": 23.507615384615384, "\\dfrac{7}{4}": 34.03785714285714, "\\sqrt{3}": 10.54975, "\\dfrac{7}{8} + \\dfrac{7}{12} + \\dfrac{7}{24}": 13.342814814814814, "\\dfrac{13\\sqrt{3}}{14}": 11.153785714285712, "\\dfrac{2\\sqrt{6}}{3}": 23.193166666666663, "\\dfrac{5}{2}": 10.787714285714285, "\\dfrac{2}{\\sqrt{7}}": 11.0461, "\\dfrac{2\\sqrt{21}}{3}": 11.049076923076923, "\\dfrac{11}{8}": 10.474375, "\\dfrac{2\\sqrt{3}}{7}": 33.810249999999996, "\\dfrac{7\\sqrt{3}}{12}": 11.238769230769233, "\\dfrac{2\\sqrt{21}}{7}": 11.264, "\\dfrac{25}{7}": 9.880625, "\\dfrac{13}{7}": 10.64875, "\\dfrac{7\\sqrt{3}}{8}": 24.136083333333332, "\\dfrac{21}{8}": 10.276625000000001}], "combined_traces": ["\\dfrac{\\sqrt{13}}{2}", {"\\dfrac{\\sqrt{13}}{2}": 814.2589090909091, "\\dfrac{19\\sqrt{13}}{28}": 22.150933333333334, "\\dfrac{2}{\\sqrt{3}}": 34.0424, "\\dfrac{3}{2}": 78.56771428571429, "\\dfrac{3\\sqrt{3}}{2}": 34.80675, "\\dfrac{1}{4}": 21.622714285714288, "\\dfrac{7}{8}": 45.48028571428571, "\\dfrac{7}{2}": 90.44642857142858, "\\dfrac{3}{\\sqrt{7}}": 21.538600000000002, "\\dfrac{3\\sqrt{3}}{7}": 45.55225, "\\dfrac{1}{2}": 31.424857142857142,