{"min_conf": {"completed_traces": ["7", {"7": 501.97299999999996}], "truncated_traces": ["7", {"\\dfrac{2}{\\sqrt{3}}": 39.77183333333333, "\\dfrac{\\sqrt{31}}{3}": 9.754000000000001, "\\dfrac{2}{\\sqrt{7}}": 20.94558333333333, "7": 226.70775, "\\dfrac{2}{\\sqrt{2}}": 9.733500000000001, "\\dfrac{2}{\\sqrt{7} \\times \\sqrt{7} \\times \\sqrt{7} \\times \\sqrt{7} \\times \\sqrt{7} \\times \\sqrt{7} \\times \\sqrt{7} \\times \\sqrt{7} \\times \\sqrt{7} \\times \\sqrt{7} \\times \\sqrt{7} \\times \\sqrt{7} \\times \\sqrt{7} \\times \\sqrt{7} \\times \\sqrt{7} \\times \\sqrt{7}}": 10.213871794871798, "\\dfrac{1}{49}": 37.387, "31": 9.07, "\\dfrac{\\sqrt{199}}{13}": 9.895066666666667, "\\dfrac{\\sqrt{69}}{2}": 9.843692307692308, "\\dfrac{\\sqrt{59}}{4}": 10.614999999999998, "\\dfrac{2^{16}}{2^{16}-1}": 10.436722222222222, "\\dfrac{1}{2}": 19.829, "\\sqrt{\\dfrac{49}{1}}": 11.41125, "\\dfrac{\\sqrt{2}}{2}": 29.7515, "\\dfrac{3}{2}": 19.88411111111111, "\\dfrac{1}{7}": 143.54366666666664, "2401": 15.921000000000001, "\\dfrac{1}{4}": 23.406777777777776, "\\dfrac{\\sqrt{19}}{3}": 10.201999999999998, "\\dfrac{\\sqrt{49}}{\\sqrt{1}}": 43.84547083333332, "\\dfrac{\\sqrt{106}}{\\sqrt{13}}": 9.45035294117647, "\\dfrac{\\sqrt{301}}{16}": 9.391933333333332, "\\dfrac{\\sqrt{307}}{2}": 9.915214285714287, "\\dfrac{\\sqrt{31}}{2}": 9.10623076923077, "\\sqrt{17}": 10.376428571428573, "\\dfrac{2}{\\sqrt{13}}": 10.177230769230768, "\\dfrac{3}{\\sqrt{2}}": 9.077153846153847, "\\dfrac{1}{\\sin a_{1}}": 9.64376923076923, "\\dfrac{\\sqrt{3}}{2}": 20.871083333333335, "\\dfrac{2^{16}}{\\sqrt{2^{16} - 1}}": 9.919772727272727, "\\dfrac{2^{16}}{\\sin \\left(\\dfrac{\\pi}{3}\\right)}": 10.96625, "\\dfrac{2^{17}-1}{2^{16}}": 9.927529411764704, "\\dfrac{2^{\\frac{15}{2}}}{\\sqrt{2^{15} - 1}}": 10.758678571428577, "\\dfrac{1}{\\sqrt{49}}": 22.780923076923074, "\\dfrac{2^{16}}{1}": 10.027384615384616, "\\dfrac{1}{\\sqrt{31}}": 10.479000000000001, "\\dfrac{2}{7}": 11.606666666666667, "\\dfrac{2^{16}}{\\sqrt{65535}}": 10.343105263157893, "\\dfrac{\\sqrt{63}}{8}": 10.675692307692307, "\\dfrac{2^{16}}{1331}": 8.967374999999999, "\\dfrac{\\sqrt{311}}{31}": 9.919866666666667, "\\dfrac{\\sqrt{13}}{1}": 9.637076923076922, "\\dfrac{\\sqrt{191}}{1}": 9.431785714285715, "\\dfrac{\\sqrt{2015}}{4}": 9.7372, "\\dfrac{7}{8}": 10.801555555555556, "\\dfrac{2^{16}}{\\sqrt{2^{32}-1}}": 9.796100000000001, "16384": 10.361875000000001, "\\dfrac{\\sqrt{10}}{2}": 10.092230769230769, "\\dfrac{\\sqrt{1603}}{4}": 9.246133333333331, "\\dfrac{\\sqrt{61}}{\\sqrt{2}}": 9.4951875, "\\dfrac{2\\sqrt{2}}{\\sqrt{3}}": 10.6890625, "\\dfrac{7}{\\sqrt{49}}": 10.349846153846155, "\\sqrt{3}": 9.456333333333335, "\\dfrac{\\sqrt{2}}{1}": 10.244333333333332, "\\dfrac{\\sqrt{2593}}{2}": 10.066933333333331, "\\dfrac{\\sqrt{65536}}{\\sqrt{16384}}": 9.33709090909091, "\\dfrac{\\sqrt{3}}{2^{15}}": 10.695733333333333, "\\dfrac{\\sqrt{19}}{2}": 20.803, "\\dfrac{\\sqrt{319}}{2}": 10.22614285714286, "\\dfrac{\\sqrt{31}}{15}": 9.367857142857144, "\\dfrac{49}{1}": 9.6929, "\\dfrac{\\sqrt{301}}{2}": 10.276142857142856, "\\dfrac{\\sqrt{16}}{\\sqrt{3}}": 9.694600000000001, "\\dfrac{2^{16}-1}{2^{15}}": 10.566235294117647}], "combined_traces": ["7", {"7": 728.6807499999998, "\\dfrac{2}{\\sqrt{3}}": 39.77183333333333, "\\dfrac{\\sqrt{31}}{3}": 9.754000000000001, "\\dfrac{2}{\\sqrt{7}}": 20.94558333333333, "\\dfrac{2}{\\sqrt{2}}": 9.733500000000001, "\\dfrac{2}{\\sqrt{7} \\times \\sqrt{7} \\times \\sqrt{7} \\times \\sqrt{7} \\times \\sqrt{7} \\times \\sqrt{7} \\times \\sqrt{7} \\times \\sqrt{7} \\times \\sqrt{7} \\times \\sqrt{7} \\times \\sqrt{7} \\times \\sqrt{7} \\times \\sqrt{7} \\times \\sqrt{7} \\times \\sqrt{7} \\times \\sqrt{7}}": 10.213871794871798, "\\dfrac{1}{49}": 37.387, "31": 9.07, "\\dfrac{\\sqrt{199}}{13}": 9.895066666666667, "\\dfrac{\\sqrt{69}}{2}": 9.843692307692308, "\\dfrac{\\sqrt{59}}{4}": 10.614999999999998, "\\dfrac{2^{16}}{2^{16}-1}": 10.436722222222222, "\\dfrac{1}{2}": 19.829, "\\sqrt{\\dfrac{49}{1}}": 11.41125, "\\dfrac{\\sqrt{2}}{2}": 29.7515, "\\dfrac{3}{2}": 19.88411111111111, "\\dfrac{1}{7}": 143.54366666666664, "2401": 15.921000000000001, "\\dfrac{1}{4}": 23.406777777777776, "\\dfrac{\\sqrt{19}}{3}": 10.201999999999998, "\\dfrac{\\sqrt{49}}{\\sqrt{1}}": 43.84547083333332, "\\dfrac{\\sqrt{106}}{\\sqrt{13}}": 9.45035294117647, "\\dfrac{\\sqrt{301}}{16}": 9.391933333333332, "\\dfrac{\\sqrt{307}}{2}": 9.915214285714287, "\\dfrac{\\sqrt{31}}{2}": 9.10623076923077, "\\sqrt{17}": 10.376428571428573, "\\dfrac{2}{\\sqrt{13}}": 10.177230769230768, "\\dfrac{3}{\\sqrt{2}}": 9.077153846153847, "\\dfrac{1}{\\sin a_{1}}": 9.64376923076923, "\\dfrac{\\sqrt{3}}{2}": 20.871083333333335, "\\dfrac{2^{16}}{\\sqrt{2^{16} - 1}}": 9.919772727272727, "\\dfrac{2^{16}}{\\sin \\left(\\dfrac{\\pi}{3}\\right)}": 10.96625, "\\dfrac{2^{17}-1}{2^{16}}": 9.927529411764704, "\\dfrac{2^{\\frac{15}{2}}}{\\sqrt{2^{15} - 1}}": 10.758678571428577, "\\dfrac{1}{\\sqrt{49}}": 22.780923076923074, "\\dfrac{2^{16}}{1}": 10.027384615384616, "\\dfrac{1}{\\sqrt{31}}": 10.479000000000001, "\\dfrac{2}{7}": 11.606666666666667, "\\dfrac{2^{16}}{\\sqrt{65535}}": 10.343105263157893, "\\dfrac{\\sqrt{63}}{8}": 10.675692307692307, "\\dfrac{2^{16}}{1331}": 8.967374999999999, "\\dfrac{\\sqrt{311}}{31}": 9.919866666666667, "\\dfrac{\\sqrt{13}}{1}": 9.637076923076922, "\\dfrac{\\sqrt{191}}{1}": 9.431785714285715, "\\dfrac{\\sqrt{2015}}{4}": 9.7372, "\\dfrac{7}{8}": 10.801555555555556, "\\dfrac{2^{16}}{\\sqrt{2^{32}-1}}": 9.796100000000001, "16384": 10.361875000000001, "\\dfrac{\\sqrt{10}}{2}": 10.092230769230769, "\\dfrac{\\sqrt{1603}}{4}": 9.246133333333331, "\\dfrac{\\sqrt{61}}{\\sqrt{2}}": 9.4951875, "\\dfrac{2\\sqrt{2}}{\\sqrt{3}}": 10.6890625, "\\dfrac{7}{\\sqrt{49}}": 10.349846153846155, "\\sqrt{3}": 9.456333333333335, "\\dfrac{\\sqrt{2}}{1}": 10.244333333333332, "\\dfrac{\\sqrt{2593}}{2}": 10.066933333333331, "\\dfrac{\\sqrt{65536}}{\\sqrt{16384}}": 9.33709090909091, "\\dfrac{\\sqrt{3}}{2^{15}}": 10.695733333333333, "\\dfrac{\\sqrt{19}}{2}": 20.803, "\\dfrac{\\sqrt{319}}{2}": 10.22614285714286, "\\dfrac{\\sqrt{31}}{15}": 9.367857142857144, "\\dfrac{49}{1}": 9.6929, "\\dfrac{\\sqrt{301}}{2}": 10.276142857142856, "\\dfrac{\\sqrt{16}}{\\sqrt{3}}": 9.694600000000001, "\\dfrac{2^{16}-1}{2^{15}}": 10.566235294117647}]}, "max_conf": {"completed_traces": ["7", {"7": 501.97299999999996}], "truncated_traces": ["\\dfrac{1}{7}", {"\\dfrac{2}{\\sqrt{3}}": 66.50899999999999, "\\dfrac{\\sqrt{31}}{3}": 17.597, "\\dfrac{2}{\\sqrt{7}}": 36.815, "7": 228.01100000000002, "\\dfrac{2}{\\sqrt{2}}": 18.653, "\\dfrac{2}{\\sqrt{7} \\times \\sqrt{7} \\times \\sqrt{7} \\times \\sqrt{7} \\times \\sqrt{7} \\times \\sqrt{7} \\times \\sqrt{7} \\times \\sqrt{7} \\times \\sqrt{7} \\times \\sqrt{7} \\times \\sqrt{7} \\times \\sqrt{7} \\times \\sqrt{7} \\times \\sqrt{7} \\times \\sqrt{7} \\times \\sqrt{7}}": 17.894, "\\dfrac{1}{49}": 61.937, "31": 7.675, "\\dfrac{\\sqrt{199}}{13}": 18.791, "\\dfrac{\\sqrt{69}}{2}": 17.841, "\\dfrac{\\sqrt{59}}{4}": 20.031, "\\dfrac{2^{16}}{2^{16}-1}": 17.778, "\\dfrac{1}{2}": 37.459, "\\sqrt{\\dfrac{49}{1}}": 19.356, "\\dfrac{\\sqrt{2}}{2}": 51.026, "\\dfrac{3}{2}": 35.959, "\\dfrac{1}{7}": 239.44299999999998, "2401": 18.278, "\\dfrac{1}{4}": 39.882000000000005, "\\dfrac{\\sqrt{19}}{3}": 19.084, "\\dfrac{\\sqrt{49}}{\\sqrt{1}}": 76.644, "\\dfrac{\\sqrt{106}}{\\sqrt{13}}": 19.066, "\\dfrac{\\sqrt{301}}{16}": 18.631, "\\dfrac{\\sqrt{307}}{2}": 18.338, "\\dfrac{\\sqrt{31}}{2}": 16.666, "\\sqrt{17}": 13.731, "\\dfrac{2}{\\sqrt{13}}": 18.303, "\\dfrac{3}{\\sqrt{2}}": 19.109, "\\dfrac{1}{\\sin a_{1}}": 16.628, "\\dfrac{\\sqrt{3}}{2}": 35.241, "\\dfrac{2^{16}}{\\sqrt{2^{16} - 1}}": 18.306, "\\dfrac{2^{16}}{\\sin \\left(\\dfrac{\\pi}{3}\\right)}": 19.134, "\\dfrac{2^{17}-1}{2^{16}}": 18.725, "\\dfrac{2^{\\frac{15}{2}}}{\\sqrt{2^{15} - 1}}": 18.647, "\\dfrac{1}{\\sqrt{49}}": 41.407, "\\dfrac{2^{16}}{1}": 18.847, "\\dfrac{1}{\\sqrt{31}}": 20.188, "\\dfrac{2}{7}": 19.988,