{"completed_traces_voting_answer": ["\\dfrac{1}{9}", {"\\dfrac{1}{9}": 448.00487499999997}], "truncated_traces_voting_answer": ["\\dfrac{1}{9}", {"\\dfrac{1}{9}": 3525.4733750000037, "r = \\dfrac{-9 + \\sqrt{113}}{18}": 12.235049999999998, "\\dfrac{-1+\\sqrt{13}}{6}": 10.194214285714285, "\\dfrac{-9 + \\sqrt{113}}{18}": 11.878411764705882, "\\dfrac{\\sqrt[3]{91}-\\sqrt[3]{81}}{1}": 10.550136363636362}], "combined_traces_voting_answer": ["\\dfrac{1}{9}", {"\\dfrac{1}{9}": 3973.4782500000015, "r = \\dfrac{-9 + \\sqrt{113}}{18}": 12.235049999999998, "\\dfrac{-1+\\sqrt{13}}{6}": 10.194214285714285, "\\dfrac{-9 + \\sqrt{113}}{18}": 11.878411764705882, "\\dfrac{\\sqrt[3]{91}-\\sqrt[3]{81}}{1}": 10.550136363636362}], "ground_truth": "\\frac{1}{9}"}