{"min_conf": {"completed_traces": ["\\dfrac{1}{9}", {"\\dfrac{1}{9}": 345.14199999999994}], "truncated_traces": ["\\dfrac{1}{9}", {"\\dfrac{1}{9}": 3470.1711111111126, "r = \\dfrac{-9 + \\sqrt{113}}{18}": 12.105952380952383, "\\dfrac{-1+\\sqrt{13}}{6}": 9.971200000000001, "\\dfrac{-9 + \\sqrt{113}}{18}": 11.750222222222222, "\\dfrac{\\sqrt[3]{91}-\\sqrt[3]{81}}{1}": 10.298}], "combined_traces": ["\\dfrac{1}{9}", {"\\dfrac{1}{9}": 3815.3131111111124, "r = \\dfrac{-9 + \\sqrt{113}}{18}": 12.105952380952383, "\\dfrac{-1+\\sqrt{13}}{6}": 9.971200000000001, "\\dfrac{-9 + \\sqrt{113}}{18}": 11.750222222222222, "\\dfrac{\\sqrt[3]{91}-\\sqrt[3]{81}}{1}": 10.298}]}, "max_conf": {"completed_traces": ["\\dfrac{1}{9}", {"\\dfrac{1}{9}": 524.027}], "truncated_traces": ["\\dfrac{1}{9}", {"\\dfrac{1}{9}": 4412.022999999996, "r = \\dfrac{-9 + \\sqrt{113}}{18}": 18.494, "\\dfrac{-1+\\sqrt{13}}{6}": 18.119, "\\dfrac{-9 + \\sqrt{113}}{18}": 16.988, "\\dfrac{\\sqrt[3]{91}-\\sqrt[3]{81}}{1}": 18.906}], "combined_traces": ["\\dfrac{1}{9}", {"\\dfrac{1}{9}": 4936.0499999999965, "r = \\dfrac{-9 + \\sqrt{113}}{18}": 18.494, "\\dfrac{-1+\\sqrt{13}}{6}": 18.119, "\\dfrac{-9 + \\sqrt{113}}{18}": 16.988, "\\dfrac{\\sqrt[3]{91}-\\sqrt[3]{81}}{1}": 18.906}]}, "avg_conf": {"completed_traces": ["\\dfrac{1}{9}", {"\\dfrac{1}{9}": 448.00487499999997}], "truncated_traces": ["\\dfrac{1}{9}", {"\\dfrac{1}{9}": 3525.4733750000037, "r = \\dfrac{-9 + \\sqrt{113}}{18}": 12.235049999999998, "\\dfrac{-1+\\sqrt{13}}{6}": 10.194214285714285, "\\dfrac{-9 + \\sqrt{113}}{18}": 11.878411764705882, "\\dfrac{\\sqrt[3]{91}-\\sqrt[3]{81}}{1}": 10.550136363636362}], "combined_traces": ["\\dfrac{1}{9}", {"\\dfrac{1}{9}": 3973.4782500000015, "r = \\dfrac{-9 + \\sqrt{113}}{18}": 12.235049999999998, "\\dfrac{-1+\\sqrt{13}}{6}": 10.194214285714285, "\\dfrac{-9 + \\sqrt{113}}{18}": 11.878411764705882, "\\dfrac{\\sqrt[3]{91}-\\sqrt[3]{81}}{1}": 10.550136363636362}]}, "ground_truth": "\\frac{1}{9}"}