{"completed_traces_voting_answer": ["\\dfrac{1}{9}", {"\\dfrac{1}{9}": 345.14199999999994}], "truncated_traces_voting_answer": ["\\dfrac{1}{9}", {"\\dfrac{1}{9}": 3470.1711111111126, "r = \\dfrac{-9 + \\sqrt{113}}{18}": 12.105952380952383, "\\dfrac{-1+\\sqrt{13}}{6}": 9.971200000000001, "\\dfrac{-9 + \\sqrt{113}}{18}": 11.750222222222222, "\\dfrac{\\sqrt[3]{91}-\\sqrt[3]{81}}{1}": 10.298}], "combined_traces_voting_answer": ["\\dfrac{1}{9}", {"\\dfrac{1}{9}": 3815.3131111111124, "r = \\dfrac{-9 + \\sqrt{113}}{18}": 12.105952380952383, "\\dfrac{-1+\\sqrt{13}}{6}": 9.971200000000001, "\\dfrac{-9 + \\sqrt{113}}{18}": 11.750222222222222, "\\dfrac{\\sqrt[3]{91}-\\sqrt[3]{81}}{1}": 10.298}], "ground_truth": "\\frac{1}{9}"}